D (in),P (in),Power (W),RPM,Thrust (N),Speed (m/s),Weight,KV,Max Amps
6,4,26,9270,1.57887065,15.691104,0,0,0
6,4,26,9270,1.57887065,15.691104,0,0,0
6,4,27,9240,1.65732385,15.6464,0,0,0
6,4,30,9480,1.7259704,16.048736,0,0,0
6,4,30,10140,1.8828768,17.166336,0,0,0
6,4,31,9450,1.73577705,16.004032,19,1800,0
6,4,31,9840,1.71616375,16.674592,0,0,0
6,4,31,9870,1.7455837,16.719296,0,0,0
6,4,31,10020,1.91229675,16.98752,0,0,0
6,4,32,9960,1.73577705,16.853408,0,0,0
6,4,32,9960,1.89268345,16.853408,0,0,0
6,4,32,10020,1.93191005,16.98752,22,1325,0
6,4,33,9870,1.8632635,16.719296,0,0,0
6,4,34,9960,1.91229675,16.853408,0,0,0
6,4,35,10290,2.0397832,17.43456,0,0,0
6,4,36,10320,1.99074995,17.479264,0,0,0
6,4,36,10320,1.99074995,17.479264,0,0,0
6,4,37,9780,1.8632635,16.54048,0,0,0
6,4,38,9900,1.7259704,16.764,0,0,0
6,4,38,10410,2.01036325,17.613376,0,0,0
6,4,39,10710,2.02997655,18.149824,0,0,0
6,4,40,10650,2.22610955,18.015712,0,0,0
6,4,41,10290,2.157463,17.43456,19,1800,0
6,4,41,10800,2.22610955,18.283936,0,0,0
6,4,41,10830,2.2555295,18.32864,0,0,0
6,4,41,10860,2.28494945,18.373344,22,1325,0
6,4,42,9780,1.8436502,16.54048,0,0,0
6,4,42,10230,2.06920315,17.345152,0,0,0
6,4,42,11400,2.42224255,19.312128,0,0,0
6,4,43,10290,1.87307015,17.43456,0,0,0
6,4,43,10980,2.1966896,18.596864,0,0,0
6,4,43,11040,2.2163029,18.686272,0,0,0
6,4,43,11130,2.40262925,18.865088,0,0,0
6,4,44,11100,2.353596,18.77568,0,0,0
6,4,45,11250,2.32417605,19.043904,0,0,0
6,4,45,11250,2.42224255,19.043904,0,0,0
6,4,46,10170,2.0005566,17.21104,0,0,0
6,4,46,11070,2.353596,18.730976,0,0,0
6,4,46,11130,2.34378935,18.865088,0,0,0
6,4,46,11130,2.34378935,18.865088,0,0,0
6,4,46,11190,2.24572285,18.954496,0,0,0
6,4,47,11250,2.353596,19.043904,0,0,0
6,4,47,11250,2.353596,19.043904,0,0,0
6,4,48,11040,2.3732093,18.686272,0,0,0
6,4,48,11580,2.5301157,19.625056,0,0,0
6,4,49,11430,2.48108245,19.356832,0,0,0
6,4,49,11430,2.48108245,19.356832,0,0,0
6,4,49,11490,2.5889556,19.44624,0,0,0
6,4,52,10830,2.0986231,18.32864,0,0,0
6,4,52,11400,2.4712758,19.312128,0,0,0
6,4,52,11730,2.7262487,19.848576,22,1325,0
6,4,52,11790,2.63798885,19.982688,0,0,0
6,4,53,10980,2.4516625,18.596864,19,1800,0
6,4,53,11580,2.549729,19.625056,0,0,0
6,4,55,11850,2.79489525,20.072096,0,0,0
6,4,55,11940,2.38301595,20.206208,0,0,0
6,4,55,11970,2.81450855,20.250912,0,0,0
6,4,56,12240,3.0400615,20.742656,0,0,0
6,4,57,11970,2.745862,20.250912,0,0,0
6,4,57,12060,2.8635418,20.429728,0,0,0
6,4,57,12210,2.5105024,20.653248,0,0,0
6,4,57,12660,3.0400615,21.45792,0,0,0
6,4,58,12030,2.71644205,20.385024,0,0,0
6,4,58,12150,2.9027684,20.56384,0,0,0
6,4,58,12180,2.745862,20.608544,0,0,0
6,4,59,11940,2.6674088,20.206208,0,0,0
6,4,60,12120,2.85373515,20.519136,0,0,0
6,4,60,12510,3.1185147,21.189696,0,0,0
6,4,61,12420,3.0204482,21.01088,0,0,0
6,4,62,12180,2.9027684,20.608544,0,0,0
6,4,62,12270,2.8439285,20.78736,0,0,0
6,4,62,12360,2.7654753,20.921472,0,0,0
6,4,63,12270,2.9027684,20.78736,0,0,0
6,4,63,12270,2.9027684,20.78736,0,0,0
6,4,63,12360,2.941995,20.921472,0,0,0
6,4,63,12360,2.941995,20.921472,0,0,0
6,4,63,12390,2.9027684,20.966176,0,0,0
6,4,63,12540,3.06948145,21.2344,0,0,0
6,4,63,12570,2.941995,21.279104,0,0,0
6,4,64,12000,2.85373515,20.34032,0,0,0
6,4,64,12570,3.01064155,21.279104,0,0,0
6,4,64,12570,3.01064155,21.279104,0,0,0
6,4,64,12690,3.0989014,21.502624,0,0,0
6,4,65,12510,3.03025485,21.189696,0,0,0
6,4,65,12540,3.12832135,21.2344,0,0,0
6,4,65,12780,3.2361945,21.636736,0,0,0
6,4,66,11580,2.73605535,19.625056,19,1800,0
6,4,66,12090,2.79489525,20.474432,0,0,0
6,4,66,12690,3.38329425,21.502624,0,0,0
6,4,67,12540,2.95180165,21.2344,0,0,0
6,4,67,12570,2.83412185,21.279104,0,0,0
6,4,67,12570,2.83412185,21.279104,0,0,0
6,4,67,12990,3.20677455,21.994368,0,0,0
6,4,68,12690,2.97141495,21.502624,0,0,0
6,4,70,13110,3.334261,22.217888,0,0,0
6,4,71,12870,2.95180165,21.815552,0,0,0
6,4,71,12930,3.24600115,21.90496,0,0,0
6,4,71,12990,3.28522775,21.994368,0,0,0
6,4,72,12750,3.1185147,21.592032,0,0,0
6,4,72,12930,3.0204482,21.90496,0,0,0
6,4,72,13020,3.40290755,22.039072,0,0,0
6,4,72,13110,3.46174745,22.217888,0,0,0
6,4,73,13260,3.40290755,22.441408,0,0,0
6,4,73,13260,3.40290755,22.441408,0,0,0
6,4,74,12810,3.138128,21.68144,0,0,0
6,4,74,12960,3.24600115,21.949664,0,0,0
6,4,75,13050,3.26561445,22.083776,0,0,0
6,4,75,13140,3.44213415,22.262592,0,0,0
6,4,75,13200,3.32445435,22.352,0,0,0
6,4,76,12030,2.8243152,20.385024,0,0,0
6,4,76,13140,3.4323275,22.262592,0,0,0
6,4,77,13320,3.55981395,22.57552,0,0,0
6,4,77,13880,3.6873004,23.514304,0,0,0
6,4,79,13260,3.38329425,22.441408,0,0,0
6,4,79,13350,3.4323275,22.620224,0,0,0
6,4,79,13350,3.4323275,22.620224,0,0,0
6,4,79,13380,3.4911674,22.664928,0,0,0
6,4,79,13410,3.06948145,22.709632,0,0,0
6,4,79,13680,3.81478685,23.156672,0,0,0
6,4,80,13440,3.59904055,22.754336,0,0,0
6,4,81,13230,3.4715541,22.396704,0,0,0
6,4,81,13410,3.26561445,22.709632,0,0,0
6,4,82,13680,3.22638785,23.156672,0,0,0
6,4,83,12870,3.36368095,21.815552,0,0,0
6,4,83,13530,3.4715541,22.888448,0,0,0
6,4,83,13770,3.71672035,23.335488,0,0,0
6,4,83,13950,3.9422733,23.603712,0,0,0
6,4,84,12400,3.01064155,21.01088,0,0,0
6,4,84,13440,3.54020065,22.754336,0,0,0
6,4,84,13440,3.54020065,22.754336,0,0,0
6,4,84,13920,3.6480738,23.559008,0,0,0
6,4,85,13620,3.726527,23.067264,0,0,0
6,4,86,13860,3.73633365,23.4696,0,0,0
6,4,86,13860,3.73633365,23.4696,0,0,0
6,4,86,13890,3.8049802,23.514304,0,0,0
6,4,87,13200,3.3734876,22.352,0,0,0
6,4,87,13740,3.63826715,23.24608,0,0,0
6,4,89,14220,3.92266,24.095456,0,0,0
6,4,90,13860,3.8245935,23.4696,0,0,0
6,4,90,14160,4.0991797,23.961344,0,0,0
6,4,92,14400,4.03053315,24.36368,0,0,0
6,4,93,14010,3.77556025,23.737824,0,0,0
6,4,93,14400,4.118793,24.36368,0,0,0
6,4,94,14160,3.8245935,23.961344,0,0,0
6,4,94,14160,4.08937305,23.961344,0,0,0
6,4,95,14070,3.9618866,23.827232,0,0,0
6,4,95,14370,4.03053315,24.318976,0,0,0
6,4,97,14160,3.93246665,23.961344,0,0,0
6,4,98,14460,4.24627945,24.497792,0,0,0
6,4,99,14160,3.9422733,23.961344,0,0,0
6,4,99,14520,4.14821295,24.5872,0,0,0
6,4,100,14370,4.30511935,24.318976,0,0,0
6,4,100,14970,4.44241245,25.347168,0,0,0
6,4,102,14460,4.1776329,24.497792,0,0,0
6,4,102,14610,4.28550605,24.721312,0,0,0
6,4,103,14400,3.83440015,24.36368,0,0,0
6,4,103,14820,4.3345393,25.078944,0,0,0
6,4,103,14820,4.3345393,25.078944,0,0,0
6,4,104,13710,3.8245935,23.201376,0,0,0
6,4,104,14340,4.10898635,24.274272,0,0,0
6,4,107,14790,3.8049802,25.03424,0,0,0
6,4,109,14610,4.3541526,24.721312,0,0,0
6,4,109,14820,4.2756994,25.078944,0,0,0
6,4,110,14790,4.32473265,25.03424,0,0,0
6,4,110,15120,4.40318585,25.615392,0,0,0
6,4,111,14550,4.3737659,24.631904,0,0,0
6,4,111,14910,4.36395925,25.25776,0,0,0
6,4,111,14910,4.36395925,25.25776,0,0,0
6,4,111,15060,3.92266,25.48128,0,0,0
6,4,111,15180,4.7660319,25.7048,0,0,0
6,4,113,15210,4.8052585,25.749504,0,0,0
6,4,113,15240,4.5502856,25.794208,0,0,0
6,4,113,15240,4.5502856,25.794208,0,0,0
6,4,113,15270,4.7268053,25.838912,0,0,0
6,4,114,15000,4.3541526,25.391872,0,0,0
6,4,115,14370,4.0403398,24.318976,0,0,0
6,4,116,14160,4.05014645,23.961344,0,0,0
6,4,117,15180,4.46202575,25.7048,0,0,0
6,4,117,15390,4.7268053,26.062432,0,0,0
6,4,118,15240,4.7660319,25.794208,0,0,0
6,4,119,15090,4.61893215,25.570688,0,0,0
6,4,119,15510,4.75622525,26.285952,0,0,0
6,4,120,15690,4.87390505,26.554176,0,0,0
6,4,121,15900,4.83467845,26.911808,0,0,0
6,4,122,15600,4.9817782,26.420064,0,0,0
6,4,124,15540,5.22694445,26.330656,0,0,0
6,4,126,15810,5.1386846,26.777696,0,0,0
6,4,129,15330,4.6091255,25.973024,0,0,0
6,4,129,15540,4.85429175,26.330656,0,0,0
6,4,129,15930,5.3152043,26.956512,0,0,0
6,4,130,15480,4.7660319,26.196544,0,0,0
6,4,134,15840,5.0406181,26.8224,0,0,0
6,4,134,16230,5.3544309,27.49296,0,0,0
6,4,137,16020,5.20733115,27.135328,0,0,0
6,4,137,16230,5.2367511,27.49296,0,0,0
6,4,137,16230,5.2367511,27.49296,0,0,0
6,4,139,16290,5.1779112,27.582368,0,0,0
6,4,140,15690,4.91313165,26.554176,0,0,0
6,4,140,15690,4.91313165,26.554176,0,0,0
6,4,140,16080,4.52086565,27.224736,0,0,0
6,4,142,16050,5.08965135,27.180032,0,0,0
6,4,142,16350,5.30539765,27.671776,0,0,0
6,4,142,16350,5.30539765,27.671776,0,0,0
6,4,146,15150,4.6091255,25.660096,0,0,0
6,4,146,15330,4.69738535,25.973024,0,0,0
6,4,146,16620,5.71727695,28.16352,0,0,0
6,4,147,16380,5.2759777,27.71648,0,0,0
6,4,148,16470,4.71699865,27.895296,0,0,0
6,4,149,16200,5.14849125,27.448256,0,0,0
6,4,150,16620,5.73689025,28.16352,0,0,0
6,4,151,16710,5.88399,28.297632,0,0,0
6,4,153,16290,5.26617105,27.582368,0,0,0
6,4,154,15840,4.99158485,26.8224,0,0,0
6,4,154,15840,4.99158485,26.8224,0,0,0
6,4,154,17070,5.8643767,28.923488,0,0,0
6,4,156,16800,5.6094038,28.431744,0,0,0
6,4,159,17160,5.85457005,29.0576,0,0,0
6,4,160,16380,5.4524974,27.71648,0,0,0
6,4,160,17010,5.8447634,28.789376,0,0,0
6,4,160,17040,6.07031635,28.83408,0,0,0
6,4,164,17370,6.1978028,29.415232,0,0,0
6,4,167,16650,5.59959715,28.208224,0,0,0
6,4,171,16650,5.6486304,28.208224,0,0,0
6,4,172,17400,6.38412915,29.459936,0,0,0
6,4,173,17430,6.20760945,29.50464,0,0,0
6,4,176,17430,6.20760945,29.50464,0,0,0
6,4,176,17520,6.18799615,29.683456,0,0,0
6,4,176,17520,6.18799615,29.683456,0,0,0
6,4,176,17610,6.42335575,29.817568,0,0,0
6,4,179,17070,5.8447634,28.923488,0,0,0
6,4,181,16350,5.3152043,27.671776,0,0,0
6,4,181,17280,5.91340995,29.28112,0,0,0
6,4,182,17370,5.295591,29.415232,0,0,0
6,4,182,17700,6.32528925,29.95168,0,0,0
6,4,186,15870,5.1975245,26.867104,0,0,0
6,4,190,17490,6.0408964,29.594048,0,0,0
6,4,192,17400,5.97224985,29.459936,0,0,0
6,4,194,17880,6.276256,30.264608,0,0,0
6,4,198,18090,6.99214145,30.62224,0,0,0
6,4,203,17460,6.22722275,29.549344,0,0,0
6,4,204,18570,6.95291485,31.426912,0,0,0
6,4,207,18390,6.9234949,31.158688,0,0,0
6,4,211,17970,6.56064885,30.443424,0,0,0
6,4,211,18720,7.256921,31.695136,0,0,0
6,4,214,18390,6.91368825,31.158688,0,0,0
6,4,222,18750,7.1784678,31.73984,0,0,0
6,4,222,18750,7.1784678,31.73984,0,0,0
6,4,223,18690,7.07059465,31.650432,0,0,0
6,4,223,18780,7.2176944,31.784544,0,0,0
6,4,225,18780,7.256921,31.784544,0,0,0
6,4,225,18990,7.453054,32.142176,0,0,0
6,4,245,19260,7.32556755,32.63392,0,0,0
6,4,263,19410,8.20816605,32.85744,0,0,0
6,4,284,20040,7.7864801,33.930336,0,0,0
6,4,292,20130,8.0022264,34.064448,0,0,0
6,4,297,20220,8.1395195,34.243264,0,0,0
6,4,299,20250,8.041453,34.287968,0,0,0
6,4,302,20280,8.7279185,34.332672,0,0,0
6,4,306,21150,9.32612415,35.807904,0,0,0
6,4,316,20910,8.9240515,35.405568,0,0,0
6,4,318,20490,9.1397978,34.690304,0,0,0
6,4,333,20730,8.62004535,35.09264,0,0,0
6,4,338,20880,8.63965865,35.360864,0,0,0
6,4,352,21090,8.825985,35.718496,0,0,0
6,4,381,21450,9.3359308,36.299648,0,0,0
6,4,429,22140,9.80665,37.506656,0,0,0
6,4,448,22920,10.395049,38.803072,0,0,0
6,5,139,12720,3.71672035,26.911808,0,0,0
6,5,170,13590,4.28550605,28.744672,0,0,0
6,5,208,14430,4.85429175,30.532832,0,0,0
6,5,478,23130,10.6892485,39.160704,0,0,0
6,5,493,23250,10.8461549,39.384224,0,0,0
7,4,40,8730,2.83412185,14.797024,34,5150,10
7,4,44,9030,3.06948145,15.288768,63,1435,0
7,4,56,9780,3.5892339,16.54048,34,5150,10
7,4,62,10110,3.8834334,17.121632,63,1435,0
7,4,77,10800,4.4718324,18.283936,34,5150,10
7,4,83,11160,4.7856452,18.909792,63,1435,0
7,4,101,11730,5.3740442,19.848576,34,5150,10
7,4,107,12030,5.687857,20.385024,63,1435,0
7,4,130,12630,6.3350959,21.368512,34,5150,10
7,4,136,12990,6.61948875,21.994368,63,1435,0
7,5,25,6660,1.6475172,14.08176,0,0,0
7,5,26,6630,1.91229675,14.037056,31,1210,0
7,5,26,6750,2.2359162,14.30528,39,857,8
7,5,28,6240,1.6867438,13.232384,25,1400,6
7,5,28,6750,1.9221034,14.30528,0,0,0
7,5,28,6840,1.96133,14.484096,0,0,0
7,5,28,6870,2.0201699,14.5288,0,0,0
7,5,28,6900,2.0593965,14.618208,0,0,0
7,5,28,6990,1.91229675,14.797024,0,0,0
7,5,29,6810,1.9417167,14.394688,0,0,0
7,5,29,6960,1.95152335,14.75232,0,0,0
7,5,29,7170,2.1182364,15.19936,0,0,0
7,5,30,6900,2.1378497,14.618208,0,0,0
7,5,30,7020,2.06920315,14.841728,0,0,0
7,5,30,7020,2.06920315,14.841728,0,0,0
7,5,30,7110,2.157463,15.065248,0,0,0
7,5,30,7110,2.157463,15.065248,0,0,0
7,5,31,7080,2.0986231,14.97584,0,0,0
7,5,31,7080,2.0986231,14.97584,0,0,0
7,5,32,7020,2.18688295,14.841728,0,0,0
7,5,32,7200,2.18688295,15.244064,0,0,0
7,5,33,6930,2.06920315,14.662912,0,0,0
7,5,33,7350,2.65760215,15.556992,39,857,8
7,5,33,7410,2.12804305,15.691104,0,0,0
7,5,34,7380,2.26533615,15.601696,0,0,0
7,5,34,7440,2.1182364,15.735808,0,0,0
7,5,34,7440,2.1770763,15.735808,0,0,0
7,5,35,7530,2.42224255,15.914624,0,0,0
7,5,35,7530,2.42224255,15.914624,0,0,0
7,5,36,7410,2.4124359,15.691104,31,1210,0
7,5,36,7530,2.42224255,15.959328,0,0,0
7,5,36,7590,2.22610955,16.048736,0,0,0
7,5,37,6720,1.9417167,14.215872,25,1400,6
7,5,37,7710,2.3143694,16.31696,0,0,0
7,5,38,7230,2.2555295,15.288768,0,0,0
7,5,38,7560,2.4516625,16.004032,0,0,0
7,5,38,7710,2.4908891,16.31696,0,0,0
7,5,39,7230,2.2163029,15.288768,0,0,0
7,5,39,7230,2.2163029,15.288768,0,0,0
7,5,39,7500,2.4320492,15.86992,0,0,0
7,5,39,7770,2.61837555,16.451072,0,0,0
7,5,40,7590,2.59876225,16.048736,0,0,0
7,5,40,7650,2.4908891,16.182848,0,0,0
7,5,40,7680,2.52030905,16.272256,0,0,0
7,5,41,7770,2.4908891,16.451072,0,0,0
7,5,41,7830,2.63798885,16.585184,0,0,0
7,5,41,7950,2.7066354,16.808704,0,0,0
7,5,41,7950,2.7066354,16.808704,0,0,0
7,5,41,8040,2.75566865,17.032224,0,0,0
7,5,42,7500,2.42224255,15.86992,0,0,0
7,5,42,7560,2.5301157,16.004032,0,0,0
7,5,42,7770,2.57914895,16.451072,0,0,0
7,5,42,7770,2.57914895,16.451072,0,0,0
7,5,42,7890,2.65760215,16.719296,0,0,0
7,5,42,7980,2.71644205,16.898112,0,0,0
7,5,42,7980,2.71644205,16.898112,0,0,0
7,5,42,8130,2.8047019,17.21104,0,0,0
7,5,43,8010,2.8243152,16.942816,0,0,0
7,5,44,7530,2.5693423,15.914624,0,0,0
7,5,44,7800,2.65760215,16.495776,0,0,0
7,5,44,8010,2.7066354,16.942816,0,0,0
7,5,44,8220,2.71644205,17.389856,0,0,0
7,5,45,7530,2.4124359,15.914624,0,0,0
7,5,45,7530,2.4124359,15.914624,0,0,0
7,5,45,7740,2.52030905,16.361664,0,0,0
7,5,45,8160,2.6085689,17.255744,0,0,0
7,5,46,7920,2.7262487,16.764,0,0,0
7,5,46,7920,2.7262487,16.764,0,0,0
7,5,46,8310,2.7262487,17.613376,0,0,0
7,5,46,8370,2.83412185,17.702784,0,0,0
7,5,47,7170,2.24572285,15.19936,25,1400,6
7,5,48,8070,2.9027684,17.076928,31,1210,0
7,5,48,8280,2.941995,17.523968,0,0,0
7,5,48,8280,3.0204482,17.523968,0,0,0
7,5,48,8370,2.7850886,17.702784,0,0,0
7,5,48,8370,3.04986815,17.702784,0,0,0
7,5,48,8370,3.04986815,17.702784,0,0,0
7,5,49,8370,2.97141495,17.702784,0,0,0
7,5,50,7740,2.69682875,16.361664,0,0,0
7,5,50,8160,3.0400615,17.255744,0,0,0
7,5,51,8340,2.9812216,17.65808,0,0,0
7,5,51,8430,3.0792881,17.836896,34,5150,10
7,5,51,8490,3.14793465,17.971008,0,0,0
7,5,51,8490,3.14793465,17.971008,0,0,0
7,5,51,8520,2.85373515,18.015712,0,0,0
7,5,52,7830,2.6085689,16.585184,0,0,0
7,5,52,7830,2.6085689,16.585184,0,0,0
7,5,52,7920,2.71644205,16.764,0,0,0
7,5,52,8160,2.8243152,17.255744,0,0,0
7,5,52,8400,3.0596748,17.792192,0,0,0
7,5,53,8070,2.9027684,17.076928,0,0,0
7,5,53,8490,3.08909475,17.971008,0,0,0
7,5,53,8640,3.334261,18.283936,0,0,0
7,5,54,8220,2.97141495,17.389856,0,0,0
7,5,54,8370,3.0204482,17.702784,0,0,0
7,5,54,8370,3.0204482,17.702784,0,0,0
7,5,54,8490,2.99102825,17.971008,0,0,0
7,5,54,8490,3.0989014,17.971008,0,0,0
7,5,54,8490,3.10870805,17.971008,0,0,0
7,5,54,8520,3.10870805,18.015712,0,0,0
7,5,54,8550,3.06948145,18.10512,0,0,0
7,5,54,8550,3.2165812,18.10512,0,0,0
7,5,54,8580,3.16754795,18.149824,0,0,0
7,5,54,8700,3.20677455,18.418048,0,0,0
7,5,54,8700,3.2361945,18.418048,63,1435,0
7,5,55,8280,3.10870805,17.523968,0,0,0
7,5,55,8310,2.97141495,17.613376,0,0,0
7,5,56,7560,2.5105024,16.004032,25,1400,6
7,5,56,8700,3.34406765,18.418048,0,0,0
7,5,56,8760,3.36368095,18.55216,0,0,0
7,5,56,8790,3.3931009,18.596864,0,0,0
7,5,56,8790,3.3931009,18.596864,0,0,0
7,5,56,8940,3.42252085,18.909792,0,0,0
7,5,57,8190,2.93218835,17.345152,0,0,0
7,5,57,8490,2.941995,17.971008,0,0,0
7,5,57,8700,3.28522775,18.418048,0,0,0
7,5,57,8760,3.34406765,18.55216,0,0,0
7,5,57,8820,3.3734876,18.686272,0,0,0
7,5,57,8820,3.3734876,18.686272,0,0,0
7,5,58,8550,3.1185147,18.10512,0,0,0
7,5,58,8880,3.48136075,18.77568,0,0,0
7,5,59,8850,3.40290755,18.730976,0,0,0
7,5,59,8910,3.1577413,18.865088,0,0,0
7,5,60,8430,3.14793465,17.836896,0,0,0
7,5,60,8580,3.3146477,18.149824,0,0,0
7,5,60,8640,3.2361945,18.283936,0,0,0
7,5,60,8940,3.61865385,18.909792,0,0,0
7,5,60,9120,3.2558078,19.312128,0,0,0
7,5,60,9150,3.6284605,19.356832,0,0,0
7,5,61,8730,3.4127142,18.462752,31,1210,0
7,5,61,8940,3.46174745,18.909792,0,0,0
7,5,61,8970,3.52058735,18.9992,0,0,0
7,5,61,9030,3.32445435,19.133312,0,0,0
7,5,62,8730,3.36368095,18.462752,0,0,0
7,5,62,8730,3.36368095,18.462752,0,0,0
7,5,62,8760,3.42252085,18.55216,0,0,0
7,5,62,9060,3.5892339,19.178016,0,0,0
7,5,62,9060,3.5892339,19.178016,0,0,0
7,5,63,9180,3.5107807,19.44624,0,0,0
7,5,63,9210,3.4715541,19.490944,0,0,0
7,5,64,7410,3.14793465,15.691104,0,0,0
7,5,64,8760,3.5696206,18.55216,0,0,0
7,5,64,8970,3.42252085,18.9992,0,0,0
7,5,64,9120,3.59904055,19.312128,0,0,0
7,5,64,9150,3.7069137,19.356832,0,0,0
7,5,64,9150,3.7069137,19.356832,0,0,0
7,5,65,8550,3.1185147,18.10512,0,0,0
7,5,67,9000,3.6284605,19.043904,0,0,0
7,5,67,9120,3.6088472,19.312128,0,0,0
7,5,67,9210,3.8245935,19.490944,0,0,0
7,5,68,8580,3.24600115,18.149824,0,0,0
7,5,68,9180,3.726527,19.44624,0,0,0
7,5,68,9300,3.77556025,19.66976,0,0,0
7,5,68,9390,3.59904055,19.89328,0,0,0
7,5,69,8430,3.08909475,17.836896,0,0,0
7,5,69,8430,3.08909475,17.836896,0,0,0
7,5,69,9270,3.7657536,19.625056,0,0,0
7,5,69,9450,4.0207265,19.982688,0,0,0
7,5,70,9090,3.59904055,19.22272,0,0,0
7,5,70,9090,3.59904055,19.22272,0,0,0
7,5,70,9180,3.54020065,19.44624,0,0,0
7,5,70,9300,3.7853669,19.66976,0,0,0
7,5,70,9390,3.83440015,19.89328,34,5150,10
7,5,70,9390,3.92266,19.89328,0,0,0
7,5,70,9390,3.92266,19.89328,0,0,0
7,5,71,8820,3.48136075,18.686272,0,0,0
7,5,71,9330,3.8834334,19.759168,39,857,8
7,5,72,9030,3.44213415,19.133312,0,0,0
7,5,72,9090,3.65788045,19.22272,0,0,0
7,5,72,9180,3.79517355,19.44624,0,0,0
7,5,72,9300,3.8245935,19.66976,0,0,0
7,5,72,9420,3.95207995,19.937984,0,0,0
7,5,72,9660,4.12859965,20.429728,0,0,0
7,5,73,9210,3.63826715,19.490944,0,0,0
7,5,73,9420,3.81478685,19.937984,0,0,0
7,5,73,9420,3.9030467,19.937984,0,0,0
7,5,74,9330,4.03053315,19.759168,0,0,0
7,5,74,9360,3.7657536,19.803872,0,0,0
7,5,74,9390,3.9422733,19.89328,0,0,0
7,5,74,9540,4.03053315,20.206208,0,0,0
7,5,74,9600,4.10898635,20.34032,0,0,0
7,5,74,9600,4.10898635,20.34032,0,0,0
7,5,74,9630,3.6873004,20.385024,0,0,0
7,5,74,9840,4.22666615,20.832064,0,0,0
7,5,75,8790,3.44213415,18.596864,0,0,0
7,5,75,8970,3.6873004,18.9992,0,0,0
7,5,75,9090,3.54020065,19.22272,0,0,0
7,5,75,9330,3.8049802,19.759168,0,0,0
7,5,76,9630,3.79517355,20.385024,0,0,0
7,5,76,9720,4.0991797,20.56384,63,1435,0
7,5,77,9510,4.05014645,20.1168,0,0,0
7,5,77,9630,4.0207265,20.385024,0,0,0
7,5,77,9660,4.118793,20.429728,0,0,0
7,5,77,9660,4.12859965,20.429728,0,0,0
7,5,77,9660,4.12859965,20.429728,0,0,0
7,5,77,9660,4.1776329,20.429728,0,0,0
7,5,77,9780,4.10898635,20.697952,0,0,0
7,5,77,9900,3.92266,20.966176,0,0,0
7,5,78,9780,4.24627945,20.697952,0,0,0
7,5,78,9780,4.24627945,20.697952,0,0,0
7,5,79,9420,4.0795664,19.937984,31,1210,0
7,5,79,9870,4.42279915,20.876768,0,0,0
7,5,80,9360,3.726527,19.803872,0,0,0
7,5,81,9120,3.61865385,19.312128,0,0,0
7,5,81,9120,3.61865385,19.312128,0,0,0
7,5,81,9780,4.2168595,20.697952,0,0,0
7,5,81,10110,4.5895122,21.413216,0,0,0
7,5,82,9210,3.87362675,19.490944,0,0,0
7,5,82,9480,4.1384063,20.072096,0,0,0
7,5,82,9780,4.1972462,20.697952,0,0,0
7,5,82,9780,4.1972462,20.697952,0,0,0
7,5,82,9900,4.38357255,20.966176,0,0,0
7,5,82,9900,4.4326058,20.966176,0,0,0
7,5,83,9930,4.46202575,21.01088,0,0,0
7,5,83,9930,4.46202575,21.01088,0,0,0
7,5,83,10110,4.22666615,21.413216,0,0,0
7,5,84,9600,4.0403398,20.34032,0,0,0
7,5,84,9840,4.24627945,20.832064,0,0,0
7,5,84,9960,4.314926,21.100288,0,0,0
7,5,85,9570,4.0599531,20.250912,0,0,0
7,5,85,9570,4.0599531,20.250912,0,0,0
7,5,85,9750,4.05014645,20.653248,0,0,0
7,5,85,9960,4.18743955,21.100288,0,0,0
7,5,85,9960,4.3541526,21.100288,0,0,0
7,5,85,9960,4.38357255,21.100288,0,0,0
7,5,86,8070,3.6873004,17.076928,0,0,0
7,5,86,9720,4.2560861,20.56384,0,0,0
7,5,86,9750,4.18743955,20.653248,0,0,0
7,5,86,9900,4.3737659,20.966176,0,0,0
7,5,87,8940,3.52058735,18.909792,0,0,0
7,5,87,8940,3.52058735,18.909792,0,0,0
7,5,87,9180,3.69710705,19.44624,0,0,0
7,5,88,9690,4.1776329,20.519136,0,0,0
7,5,88,9690,4.1776329,20.519136,0,0,0
7,5,88,9870,4.18743955,20.876768,0,0,0
7,5,88,10200,4.7856452,21.592032,0,0,0
7,5,89,9990,4.42279915,21.144992,0,0,0
7,5,89,10080,4.6287388,21.323808,0,0,0
7,5,89,10260,4.2756994,21.726144,0,0,0
7,5,90,9360,3.87362675,19.803872,0,0,0
7,5,90,9540,3.9618866,20.206208,0,0,0
7,5,90,10200,4.6091255,21.592032,0,0,0
7,5,90,10200,4.6091255,21.592032,0,0,0
7,5,90,10320,4.903325,21.860256,0,0,0
7,5,91,9360,3.89324005,19.803872,0,0,0
7,5,91,10200,4.7856452,21.592032,0,0,0
7,5,92,10200,4.6483521,21.592032,0,0,0
7,5,92,10260,4.5895122,21.726144,0,0,0
7,5,93,9480,3.87362675,20.072096,0,0,0
7,5,93,9480,3.87362675,20.072096,0,0,0
7,5,93,10230,4.59931885,21.636736,0,0,0
7,5,94,9360,3.8638201,19.803872,0,0,0
7,5,94,9750,4.118793,20.653248,0,0,0
7,5,94,10290,4.8052585,21.770848,0,0,0
7,5,94,10290,4.8052585,21.770848,0,0,0
7,5,94,10650,4.9621649,22.530816,0,0,0
7,5,95,10170,4.4914457,21.547328,0,0,0
7,5,95,10350,4.707192,21.90496,34,5150,10
7,5,95,10350,4.7856452,21.90496,0,0,0
7,5,95,10350,4.7856452,21.90496,0,0,0
7,5,96,10320,4.87390505,21.860256,0,0,0
7,5,97,10020,4.6287388,21.189696,0,0,0
7,5,97,10110,4.5306723,21.413216,0,0,0
7,5,97,10170,4.5306723,21.547328,0,0,0
7,5,98,9660,4.2953127,20.429728,0,0,0
7,5,98,9870,4.24627945,20.876768,0,0,0
7,5,98,10650,4.6875787,22.530816,0,0,0
7,5,99,10110,4.56009225,21.413216,0,0,0
7,5,99,10230,4.7268053,21.636736,0,0,0
7,5,99,10290,4.71699865,21.770848,0,0,0
7,5,99,10470,4.9229383,22.173184,0,0,0
7,5,99,10590,4.95235825,22.396704,0,0,0
7,5,99,10590,4.95235825,22.396704,0,0,0
7,5,99,10650,4.97197155,22.530816,63,1435,0
7,5,101,10470,4.91313165,22.173184,0,0,0
7,5,102,10260,4.9229383,21.726144,0,0,0
7,5,102,10320,4.707192,21.860256,0,0,0
7,5,103,10320,4.93274495,21.860256,0,0,0
7,5,103,10590,5.10926465,22.396704,0,0,0
7,5,104,10650,5.1582979,22.530816,0,0,0
7,5,104,10650,5.1582979,22.530816,0,0,0
7,5,104,10770,5.28578435,22.79904,0,0,0
7,5,104,10800,5.0602314,22.843744,0,0,0
7,5,105,9330,3.92266,19.759168,0,0,0
7,5,105,9330,3.92266,19.759168,0,0,0
7,5,105,10500,5.01119815,22.217888,0,0,0
7,5,106,10170,4.65815875,21.502624,0,0,0
7,5,106,10170,4.65815875,21.502624,0,0,0
7,5,106,10410,4.77583855,22.039072,0,0,0
7,5,106,10620,4.95235825,22.486112,0,0,0
7,5,107,10020,4.5895122,21.189696,0,0,0
7,5,107,10620,5.1190713,22.486112,0,0,0
7,5,107,10620,5.1190713,22.486112,0,0,0
7,5,107,10740,5.3152043,22.754336,0,0,0
7,5,107,11100,5.54075725,23.514304,0,0,0
7,5,108,9930,4.46202575,21.01088,0,0,0
7,5,108,10680,5.05042475,22.620224,0,0,0
7,5,108,10680,5.07003805,22.620224,0,0,0
7,5,108,10950,5.0406181,23.201376,0,0,0
7,5,109,9570,4.1972462,20.250912,0,0,0
7,5,109,10350,4.9425516,21.90496,0,0,0
7,5,110,9870,4.3541526,20.876768,0,0,0
7,5,110,10770,5.1386846,22.79904,0,0,0
7,5,110,10800,4.9621649,22.843744,0,0,0
7,5,110,10920,5.3152043,23.111968,0,0,0
7,5,111,10380,4.903325,21.949664,0,0,0
7,5,112,10080,4.6875787,21.323808,0,0,0
7,5,113,10650,4.95235825,22.530816,0,0,0
7,5,113,10650,5.18771785,22.530816,0,0,0
7,5,113,10830,5.2367511,22.933152,0,0,0
7,5,113,10980,5.3152043,23.24608,0,0,0
7,5,114,9810,4.314926,20.742656,0,0,0
7,5,114,10770,5.2171378,22.79904,0,0,0
7,5,114,10770,5.2171378,22.79904,0,0,0
7,5,115,10800,5.5309506,22.843744,0,0,0
7,5,115,10920,5.50153065,23.111968,0,0,0
7,5,116,11040,5.6486304,23.380192,0,0,0
7,5,117,11040,5.1582979,23.380192,0,0,0
7,5,119,10710,5.0602314,22.664928,0,0,0
7,5,119,10860,5.1975245,22.977856,0,0,0
7,5,120,11190,5.5701772,23.69312,0,0,0
7,5,121,11010,5.1582979,23.290784,0,0,0
7,5,121,11100,5.491724,23.514304,0,0,0
7,5,121,11100,5.491724,23.514304,0,0,0
7,5,122,10830,5.491724,22.933152,0,0,0
7,5,122,10830,5.491724,22.933152,0,0,0
7,5,122,11040,5.16810455,23.380192,0,0,0
7,5,123,11310,5.81534345,23.91664,0,0,0
7,5,124,11310,5.687857,23.91664,0,0,0
7,5,124,11310,5.687857,23.91664,0,0,0
7,5,125,11010,5.48191735,23.290784,0,0,0
7,5,125,11220,5.65843705,23.737824,34,5150,10
7,5,126,10830,5.1975245,22.933152,0,0,0
7,5,126,11250,5.69766365,23.827232,0,0,0
7,5,126,11280,6.0212831,23.871936,0,0,0
7,5,127,10830,5.491724,22.933152,0,0,0
7,5,128,10200,4.903325,21.592032,0,0,0
7,5,129,10590,4.9229383,22.396704,0,0,0
7,5,130,11040,5.52114395,23.380192,0,0,0
7,5,130,11040,5.69766365,23.380192,0,0,0
7,5,130,11370,5.9428299,24.050752,0,0,0
7,5,130,11550,5.93302325,24.453088,63,1435,0
7,5,131,10710,5.295591,22.664928,0,0,0
7,5,131,10770,5.22694445,22.79904,0,0,0
7,5,131,10770,5.22694445,22.79904,0,0,0
7,5,131,11250,5.7466969,23.827232,0,0,0
7,5,131,11460,5.9820565,24.274272,0,0,0
7,5,132,11370,5.85457005,24.050752,0,0,0
7,5,133,10620,5.5309506,22.486112,0,0,0
7,5,133,11040,5.7074703,23.380192,0,0,0
7,5,133,11670,5.8447634,24.721312,0,0,0
7,5,134,11400,5.91340995,24.14016,0,0,0
7,5,134,11700,5.79573015,24.766016,0,0,0
7,5,135,11430,5.9428299,24.184864,0,0,0
7,5,135,11520,6.080123,24.36368,0,0,0
7,5,136,11070,5.491724,23.424896,0,0,0
7,5,136,11520,6.1389629,24.36368,0,0,0
7,5,136,12000,6.56064885,25.391872,0,0,0
7,5,137,11790,6.14876955,24.944832,0,0,0
7,5,138,10680,5.16810455,22.620224,0,0,0
7,5,138,11250,5.7663102,23.827232,0,0,0
7,5,138,11400,5.9036033,24.14016,0,0,0
7,5,138,11460,5.8447634,24.274272,0,0,0
7,5,139,10650,5.4524974,22.530816,0,0,0
7,5,141,11130,5.7859235,23.559008,0,0,0
7,5,141,11550,5.9820565,24.453088,0,0,0
7,5,141,11550,5.9820565,24.453088,0,0,0
7,5,142,11580,5.93302325,24.497792,0,0,0
7,5,142,11640,5.9820565,24.631904,0,0,0
7,5,143,11100,5.7466969,23.514304,0,0,0
7,5,143,11850,6.34490255,25.078944,0,0,0
7,5,144,11700,6.40374245,24.766016,0,0,0
7,5,144,11820,6.3743225,25.03424,0,0,0
7,5,144,12000,6.54103555,25.391872,0,0,0
7,5,145,11670,6.080123,24.721312,0,0,0
7,5,146,11430,5.7663102,24.184864,0,0,0
7,5,146,11430,5.99186315,24.184864,0,0,0
7,5,150,11670,6.1389629,24.721312,0,0,0
7,5,151,11700,6.2174161,24.766016,0,0,0
7,5,151,11700,6.2174161,24.766016,0,0,0
7,5,151,11910,5.88399,25.213056,0,0,0
7,5,152,11550,6.080123,24.453088,0,0,0
7,5,152,12030,6.52142225,25.48128,0,0,0
7,5,153,11850,6.4527757,25.078944,0,0,0
7,5,153,11850,6.4527757,25.078944,0,0,0
7,5,155,11430,5.8251501,24.184864,0,0,0
7,5,155,11760,6.18799615,24.900128,0,0,0
7,5,155,12000,6.52142225,25.391872,0,0,0
7,5,155,12000,6.52142225,25.391872,0,0,0
7,5,158,10620,5.295591,22.486112,0,0,0
7,5,158,12060,6.56064885,25.525984,34,5150,10
7,5,162,11970,6.1978028,25.347168,0,0,0
7,5,163,11580,6.32528925,24.497792,0,0,0
7,5,163,12390,6.95291485,26.241248,63,1435,0
7,5,165,12090,6.67832865,25.570688,0,0,0
7,5,166,11760,6.080123,24.900128,0,0,0
7,5,166,12360,7.18827445,26.15184,0,0,0
7,5,169,11820,6.40374245,25.03424,0,0,0
7,5,169,11940,6.6881353,25.25776,0,0,0
7,5,169,12360,7.05098135,26.15184,0,0,0
7,5,170,12270,6.87446165,25.973024,0,0,0
7,5,171,11730,6.58026215,24.81072,0,0,0
7,5,171,12030,6.65871535,25.48128,0,0,0
7,5,171,12420,7.34518085,26.285952,0,0,0
7,5,173,12570,7.46286065,26.59888,0,0,0
7,5,174,11250,6.12915625,23.827232,0,0,0
7,5,174,11820,6.5508422,25.03424,0,0,0
7,5,174,11940,6.5508422,25.25776,0,0,0
7,5,175,12360,6.9627215,26.15184,0,0,0
7,5,177,12060,6.7077486,25.525984,0,0,0
7,5,177,12060,6.7077486,25.525984,0,0,0
7,5,177,12690,7.10982125,26.867104,0,0,0
7,5,178,12030,6.36451585,25.48128,0,0,0
7,5,178,12480,7.0215614,26.420064,0,0,0
7,5,179,11670,6.5116156,24.721312,0,0,0
7,5,180,12660,7.07059465,26.777696,0,0,0
7,5,184,12360,7.01175475,26.15184,0,0,0
7,5,184,12360,7.01175475,26.15184,0,0,0
7,5,184,12780,7.4922806,27.04592,0,0,0
7,5,187,12570,7.060788,26.59888,0,0,0
7,5,187,12840,7.79628675,27.180032,0,0,0
7,5,188,13200,7.6884136,27.94,0,0,0
7,5,189,13110,7.91396655,27.761184,0,0,0
7,5,192,12810,7.52170055,27.090624,0,0,0
7,5,193,12180,6.7862018,25.794208,0,0,0
7,5,194,12330,7.0019481,26.107136,0,0,0
7,5,194,12570,7.14904785,26.59888,0,0,0
7,5,194,12570,7.14904785,26.59888,0,0,0
7,5,197,12990,7.8649333,27.49296,0,0,0
7,5,198,12960,7.6099604,27.448256,0,0,0
7,5,198,12960,7.6099604,27.448256,0,0,0
7,5,200,12120,7.10982125,25.660096,0,0,0
7,5,201,12840,7.3549875,27.180032,0,0,0
7,5,208,12360,7.2765343,26.15184,0,0,0
7,5,209,12420,7.10982125,26.285952,0,0,0
7,5,211,12810,7.52170055,27.090624,0,0,0
7,5,211,13320,8.433719,28.208224,0,0,0
7,5,216,12810,7.7276402,27.090624,0,0,0
7,5,217,13290,8.0610663,28.118816,0,0,0
7,5,221,13200,8.03164635,27.94,0,0,0
7,5,227,13050,7.87473995,27.627072,0,0,0
7,5,227,13050,7.87473995,27.627072,0,0,0
7,5,235,12900,7.649187,27.314144,0,0,0
7,5,237,13560,8.75733845,28.699968,0,0,0
7,5,238,13320,8.0022264,28.208224,0,0,0
7,5,243,13290,8.09048625,28.118816,0,0,0
7,5,243,13290,8.09048625,28.118816,0,0,0
7,5,244,13830,8.93385815,29.28112,0,0,0
7,5,245,13620,8.48275225,28.83408,0,0,0
7,5,250,13710,8.77695175,29.012896,0,0,0
7,5,251,11910,6.40374245,25.213056,0,0,0
7,5,275,13050,8.041453,27.627072,0,0,0
7,5,295,12600,7.4726673,26.688288,0,0,0
7,5,308,14850,10.2577559,31.426912,0,0,0
7,5,311,13740,8.629852,29.102304,0,0,0
7,5,312,14550,10.3165958,30.801056,0,0,0
7,5,313,14130,10.1204628,29.906976,0,0,0
7,5,330,15100,10.38524235,31.96336,63,1435,0
7,5,333,13890,9.12999115,29.415232,0,0,0
7,5,337,14610,9.95374975,30.935168,0,0,0
7,5,357,15210,11.1991943,32.18688,0,0,0
7,5,361,15390,10.1793027,32.589216,0,0,0
7,5,378,14850,10.1008495,31.426912,0,0,0
7,5,378,14850,10.1008495,31.426912,0,0,0
7,5,430,15540,11.3561007,32.902144,0,0,0
7,5,446,15690,11.81701325,33.215072,0,0,0
7,5,454,16050,11.8464332,33.97504,0,0,0
7,5,487,16050,12.3171524,33.97504,0,0,0
7,6,25,5910,1.5886773,15.020544,0,0,0
7,6,33,6450,1.89268345,16.361664,0,0,0
7,6,41,7260,2.40262925,18.418048,0,0,0
7,6,42,6960,2.20649625,17.65808,0,0,0
7,6,49,7770,2.8047019,19.714464,0,0,0
7,6,51,7350,2.50069575,18.686272,0,0,0
7,6,57,8010,2.9616083,20.34032,0,0,0
7,6,58,8220,3.16754795,20.876768,0,0,0
7,6,58,8220,3.16754795,20.876768,0,0,0
7,6,60,8310,3.2558078,21.100288,0,0,0
7,6,61,8460,3.4323275,21.502624,0,0,0
7,6,68,8670,3.5500073,22.039072,0,0,0
7,6,72,8850,3.67749375,22.486112,0,0,0
7,6,72,8850,3.67749375,22.486112,0,0,0
7,6,75,8670,3.54020065,22.039072,0,0,0
7,6,78,9120,4.0207265,23.156672,0,0,0
7,6,78,9120,4.0207265,23.156672,0,0,0
7,6,79,8280,3.1969679,21.01088,0,0,0
7,6,82,9300,4.1776329,23.603712,0,0,0
7,6,85,9420,4.30511935,23.91664,0,0,0
7,6,91,9600,4.48163905,24.36368,0,0,0
7,6,94,9270,4.0403398,23.559008,0,0,0
7,6,100,9930,4.83467845,25.213056,0,0,0
7,6,100,9930,4.83467845,25.213056,0,0,0
7,6,103,9960,4.903325,25.302464,0,0,0
7,6,103,9960,4.903325,25.302464,0,0,0
7,6,109,10200,5.12887795,25.92832,0,0,0
7,6,115,9930,4.83467845,25.213056,0,0,0
7,6,117,10410,5.34462425,26.420064,0,0,0
7,6,118,10380,5.2563644,26.37536,0,0,0
7,6,130,10860,5.75650355,27.582368,0,0,0
7,6,130,10860,5.75650355,27.582368,0,0,0
7,6,133,10710,5.63882375,27.224736,0,0,0
7,6,133,10710,5.63882375,27.224736,0,0,0
7,6,141,11040,6.0605097,28.029408,0,0,0
7,6,150,11100,6.08992965,28.208224,0,0,0
7,6,153,11280,6.30567595,28.655264,0,0,0
7,6,166,11430,6.52142225,29.012896,0,0,0
7,6,166,11430,6.52142225,29.012896,0,0,0
7,6,172,11790,6.8450417,29.95168,0,0,0
7,6,172,11790,6.8450417,29.95168,0,0,0
7,6,177,11700,6.864655,29.72816,0,0,0
7,6,196,12090,7.1588545,30.711648,0,0,0
7,6,219,12600,7.84532,32.008064,0,0,0
7,6,219,12600,7.84532,32.008064,0,0,0
8,4,27,6180,2.353596,10.460736,0,0,0
8,4,29,6300,2.40262925,10.684256,0,0,0
8,4,32,6540,2.73605535,11.086592,0,0,0
8,4,34,6630,2.745862,11.220704,0,0,0
8,4,34,6630,2.75566865,11.220704,0,0,0
8,4,38,6960,3.0008349,11.801856,0,0,0
8,4,40,7020,2.97141495,11.891264,0,0,0
8,4,41,7110,3.03025485,12.025376,0,0,0
8,4,41,7110,3.2361945,12.025376,0,0,0
8,4,42,7260,3.08909475,12.2936,0,0,0
8,4,43,7290,3.3931009,12.338304,0,0,0
8,4,44,6750,2.81450855,11.444224,0,0,0
8,4,44,6750,2.81450855,11.444224,0,0,0
8,4,44,6900,2.93218835,11.667744,0,0,0
8,4,44,7320,3.1185147,12.383008,0,0,0
8,4,45,7290,3.28522775,12.338304,0,0,0
8,4,46,7290,3.3734876,12.338304,0,0,0
8,4,48,7410,3.48136075,12.561824,0,0,0
8,4,50,7200,3.20677455,12.204192,0,0,0
8,4,51,6960,3.0596748,11.801856,0,0,0
8,4,51,6960,3.0596748,11.801856,0,0,0
8,4,52,7740,3.77556025,13.098272,0,0,0
8,4,52,7920,3.9030467,13.4112,0,0,0
8,4,53,7740,3.726527,13.098272,0,0,0
8,4,55,7710,3.6284605,13.053568,0,0,0
8,4,57,7950,4.0403398,13.455904,0,0,0
8,4,57,8010,4.1384063,13.545312,0,0,0
8,4,58,7920,3.8638201,13.4112,0,0,0
8,4,59,7830,3.93246665,13.277088,0,0,0
8,4,60,8040,4.2168595,13.590016,0,0,0
8,4,60,8100,3.9030467,13.724128,0,0,0
8,4,60,8100,4.24627945,13.724128,0,0,0
8,4,62,7770,3.4519408,13.142976,0,0,0
8,4,62,8040,4.0795664,13.63472,0,0,0
8,4,62,8160,3.9422733,13.813536,0,0,0
8,4,63,7860,3.8049802,13.321792,0,0,0
8,4,65,7860,3.89324005,13.321792,0,0,0
8,4,65,8190,4.30511935,13.85824,0,0,0
8,4,66,8340,4.38357255,14.126464,0,0,0
8,4,69,8160,4.18743955,13.813536,0,0,0
8,4,69,8160,4.28550605,13.813536,0,0,0
8,4,69,8340,4.32473265,14.126464,0,0,0
8,4,70,8040,3.99130655,13.590016,0,0,0
8,4,70,8490,4.6679654,14.394688,0,0,0
8,4,72,8520,4.5502856,14.439392,0,0,0
8,4,73,8400,4.38357255,14.215872,0,0,0
8,4,73,8580,4.7464186,14.5288,0,0,0
8,4,73,8670,4.903325,14.662912,0,0,0
8,4,73,8880,5.0210048,15.020544,0,0,0
8,4,74,8250,4.20705285,13.947648,0,0,0
8,4,74,8370,4.5895122,14.171168,0,0,0
8,4,76,8700,4.6287388,14.75232,0,0,0
8,4,78,8730,4.6679654,14.797024,0,0,0
8,4,79,8790,5.0602314,14.886432,0,0,0
8,4,79,8820,5.0602314,14.931136,0,0,0
8,4,81,8850,4.73661195,14.97584,0,0,0
8,4,83,8730,4.83467845,14.797024,0,0,0
8,4,83,8820,4.83467845,14.931136,0,0,0
8,4,84,8970,4.8052585,15.19936,0,0,0
8,4,85,8850,5.10926465,14.97584,0,0,0
8,4,85,8970,5.22694445,15.19936,0,0,0
8,4,86,8610,4.46202575,14.573504,0,0,0
8,4,88,8940,5.099458,15.154656,0,0,0
8,4,88,9150,5.3740442,15.512288,0,0,0
8,4,89,9000,5.10926465,15.244064,0,0,0
8,4,93,9060,5.2759777,15.333472,0,0,0
8,4,93,9240,5.46230405,15.6464,0,0,0
8,4,95,9390,5.8055368,15.914624,0,0,0
8,4,98,9150,5.24655775,15.512288,0,0,0
8,4,98,9180,5.48191735,15.556992,0,0,0
8,4,98,9390,5.71727695,15.914624,0,0,0
8,4,99,9090,5.1386846,15.378176,0,0,0
8,4,101,9330,5.50153065,15.780512,0,0,0
8,4,102,9420,5.57998385,15.959328,0,0,0
8,4,102,9810,6.1978028,16.629888,0,0,0
8,4,105,9540,6.0016698,16.138144,0,0,0
8,4,105,9600,6.10954295,16.272256,0,0,0
8,4,106,9570,5.61921045,16.182848,0,0,0
8,4,107,9540,6.0212831,16.138144,0,0,0
8,4,109,9660,5.69766365,16.361664,0,0,0
8,4,110,9300,5.5113373,15.735808,0,0,0
8,4,110,9600,5.6290171,16.272256,0,0,0
8,4,110,9690,6.0408964,16.406368,0,0,0
8,4,111,9510,5.8055368,16.09344,0,0,0
8,4,113,9820,6.276256,16.629888,0,0,0
8,4,121,9900,6.3547092,16.764,0,0,0
8,4,122,10020,6.46258235,16.98752,0,0,0
8,4,123,10980,6.3350959,18.596864,0,0,0
8,4,127,10140,6.73716855,17.166336,0,0,0
8,4,127,10140,6.79600845,17.166336,0,0,0
8,4,128,10110,6.472389,17.121632,0,0,0
8,4,129,9840,6.14876955,16.674592,0,0,0
8,4,133,10170,6.8450417,17.21104,0,0,0
8,4,134,10080,6.58026215,17.076928,0,0,0
8,4,134,10440,7.46286065,17.65808,0,0,0
8,4,135,10080,6.46258235,17.076928,0,0,0
8,4,135,10230,6.4920023,17.345152,0,0,0
8,4,135,10290,7.060788,17.43456,0,0,0
8,4,137,10110,6.54103555,17.121632,0,0,0
8,4,137,10350,7.1588545,17.523968,0,0,0
8,4,138,10620,7.2961476,17.971008,0,0,0
8,4,139,10380,6.71755525,17.568672,0,0,0
8,4,142,10380,6.668522,17.568672,0,0,0
8,4,143,10410,6.9627215,17.613376,0,0,0
8,4,143,10560,7.1980811,17.8816,0,0,0
8,4,147,10500,7.256921,17.792192,0,0,0
8,4,149,10290,6.63910205,17.43456,0,0,0
8,4,154,10530,6.89407495,17.836896,0,0,0
8,4,157,10890,7.7864801,18.418048,0,0,0
8,4,161,10440,7.0019481,17.65808,0,0,0
8,4,162,10890,7.89435325,18.418048,0,0,0
8,4,163,10920,7.8060934,18.507456,0,0,0
8,4,166,10860,7.7472535,18.373344,0,0,0
8,4,169,11100,7.84532,18.77568,0,0,0
8,4,171,11040,8.1591328,18.686272,0,0,0
8,4,171,11520,8.7083052,19.490944,0,0,0
8,4,176,11070,7.7472535,18.730976,0,0,0
8,4,178,10710,7.4726673,18.149824,0,0,0
8,4,179,11130,8.07087295,18.865088,0,0,0
8,4,180,11130,8.28661925,18.865088,0,0,0
8,4,184,11100,8.2768126,18.77568,0,0,0
8,4,188,11430,8.44352565,19.356832,0,0,0
8,4,194,11580,8.87501825,19.625056,0,0,0
8,4,197,11460,8.30623255,19.401536,0,0,0
8,4,200,10950,7.8649333,18.55216,0,0,0
8,4,207,11610,8.7475318,19.66976,0,0,0
8,4,213,11760,9.1790244,19.89328,0,0,0
8,4,214,11760,9.11037785,19.89328,0,0,0
8,4,223,11310,8.46313895,19.133312,0,0,0
8,4,228,11940,9.6497436,20.206208,0,0,0
8,4,228,12090,9.610517,20.474432,0,0,0
8,4,244,12420,10.2969825,21.01088,0,0,0
8,4,290,12300,10.787315,20.832064,0,0,0
8,4,360,13410,12.4936721,22.709632,0,0,0
8,4,414,14430,14.4157755,24.453088,0,0,0
8,4,416,14250,13.72931,24.14016,0,0,0
8,6,26,5160,1.765197,13.098272,0,0,0
8,6,27,5280,2.0986231,13.4112,0,0,0
8,6,30,5430,2.1182364,13.813536,0,0,0
8,6,32,5430,2.20649625,13.813536,0,0,0
8,6,35,5640,2.16726965,14.30528,0,0,0
8,6,38,5850,2.2359162,14.841728,0,0,0
8,6,38,5880,2.50069575,14.931136,0,0,0
8,6,38,5880,2.61837555,14.931136,0,0,0
8,6,38,5940,2.42224255,15.109952,0,0,0
8,6,41,5670,2.30456275,14.394688,0,0,0
8,6,42,6030,2.6477955,15.333472,0,0,0
8,6,44,5940,2.5693423,15.109952,0,0,0
8,6,45,6030,2.8047019,15.333472,0,0,0
8,6,45,6120,2.61837555,15.556992,0,0,0
8,6,45,6150,2.55953565,15.601696,0,0,0
8,6,46,5760,2.46146915,14.618208,0,0,0
8,6,48,5970,2.3339827,15.154656,136,887,35
8,6,48,6120,2.77528195,15.556992,0,0,0
8,6,48,6300,2.7262487,16.004032,0,0,0
8,6,49,6240,2.87334845,15.86992,0,0,0
8,6,49,6240,2.87334845,15.86992,0,0,0
8,6,50,6060,2.63798885,15.378176,0,0,0
8,6,51,6570,3.34406765,16.674592,0,0,0
8,6,52,6510,2.85373515,16.54048,0,0,0
8,6,53,6450,3.0596748,16.361664,0,0,0
8,6,53,6450,3.0596748,16.361664,0,0,0
8,6,54,6600,3.2165812,16.764,0,0,0
8,6,54,6630,2.97141495,16.853408,0,0,0
8,6,55,6540,3.10870805,16.629888,0,0,0
8,6,56,6540,3.18716125,16.629888,0,0,0
8,6,57,6390,2.93218835,16.227552,0,0,0
8,6,57,6450,3.16754795,16.361664,0,0,0
8,6,57,6450,3.16754795,16.361664,0,0,0
8,6,57,6630,3.4715541,16.853408,0,0,0
8,6,58,6330,2.93218835,16.09344,0,0,0
8,6,61,6450,3.01064155,16.361664,0,0,0
8,6,61,6690,3.2361945,16.98752,0,0,0
8,6,62,6660,3.2950344,16.898112,0,0,0
8,6,62,7020,3.87362675,17.836896,0,0,0
8,6,63,6360,3.04986815,16.138144,0,0,0
8,6,63,6780,3.42252085,17.21104,39,857,8
8,6,64,6780,3.26561445,17.21104,0,0,0
8,6,65,6870,3.34406765,17.43456,0,0,0
8,6,66,6900,3.30484105,17.523968,0,0,0
8,6,66,7170,4.10898635,18.194528,0,0,0
8,6,67,6780,3.4519408,17.21104,0,0,0
8,6,67,6990,3.4323275,17.747488,0,0,0
8,6,68,6600,3.1773546,16.764,0,0,0
8,6,69,6900,3.5696206,17.523968,0,0,0
8,6,69,6900,3.5696206,17.523968,0,0,0
8,6,71,6930,3.530394,17.613376,0,0,0
8,6,71,7020,3.726527,17.836896,0,0,0
8,6,71,7080,3.71672035,17.971008,0,0,0
8,6,71,7170,3.530394,18.194528,0,0,0
8,6,72,7200,3.6284605,18.283936,0,0,0
8,6,72,7230,3.7853669,18.373344,0,0,0
8,6,72,7350,3.97169325,18.686272,175,1235,0
8,6,74,7110,3.7069137,18.060416,0,0,0
8,6,74,7140,4.0599531,18.149824,0,0,0
8,6,76,7230,3.91285335,18.373344,0,0,0
8,6,76,7230,3.91285335,18.373344,0,0,0
8,6,76,7410,4.08937305,18.820384,0,0,0
8,6,77,6930,3.5892339,17.613376,0,0,0
8,6,77,7200,3.7853669,18.283936,0,0,0
8,6,80,7140,3.89324005,18.149824,0,0,0
8,6,80,7140,3.89324005,18.149824,0,0,0
8,6,81,7230,3.77556025,18.373344,0,0,0
8,6,83,6900,3.6480738,17.523968,0,0,0
8,6,83,7260,3.91285335,18.418048,0,0,0
8,6,83,7260,3.91285335,18.418048,0,0,0
8,6,83,7740,4.81506515,19.66976,0,0,0
8,6,84,7320,4.06975975,18.596864,0,0,0
8,6,84,7440,4.0403398,18.909792,0,0,0
8,6,86,7080,3.726527,17.971008,0,0,0
8,6,86,7440,4.16782625,18.909792,0,0,0
8,6,87,7140,3.6873004,18.149824,0,0,0
8,6,87,7440,3.9814999,18.909792,0,0,0
8,6,87,7500,3.97169325,19.043904,0,0,0
8,6,87,7500,4.0207265,19.043904,0,0,0
8,6,90,7350,4.12859965,18.686272,0,0,0
8,6,90,7560,4.3345393,19.22272,0,0,0
8,6,90,7650,4.3345393,19.44624,0,0,0
8,6,92,7470,4.2168595,18.954496,0,0,0
8,6,92,7470,4.2168595,18.954496,0,0,0
8,6,92,7800,4.1580196,19.803872,0,0,0
8,6,94,7520,4.65815875,19.088608,0,0,0
8,6,94,7590,4.30511935,19.267424,0,0,0
8,6,95,7800,4.26589275,19.803872,0,0,0
8,6,95,7800,4.3345393,19.803872,0,0,0
8,6,96,7890,4.63854545,20.027392,0,0,0
8,6,97,7710,4.4522191,19.580352,0,0,0
8,6,99,7710,4.511059,19.580352,0,0,0
8,6,100,7800,4.5502856,19.803872,0,0,0
8,6,101,7830,4.6483521,19.89328,0,0,0
8,6,101,7860,4.65815875,19.982688,0,0,0
8,6,101,7860,4.65815875,19.982688,0,0,0
8,6,102,7770,4.511059,19.714464,0,0,0
8,6,103,7560,4.30511935,19.22272,0,0,0
8,6,103,8220,5.1190713,20.876768,175,1235,0
8,6,104,8250,5.5113373,20.966176,0,0,0
8,6,105,7650,4.6091255,19.44624,0,0,0
8,6,105,7650,4.6091255,19.44624,0,0,0
8,6,106,7860,4.3541526,19.982688,136,887,35
8,6,107,7380,4.24627945,18.730976,0,0,0
8,6,107,7860,4.5698989,19.982688,0,0,0
8,6,107,7980,4.57970555,20.250912,0,0,0
8,6,108,7860,4.8248718,19.982688,39,857,8
8,6,108,8280,5.20733115,21.01088,0,0,0
8,6,109,7590,4.28550605,19.267424,0,0,0
8,6,111,7590,4.3541526,19.267424,0,0,0
8,6,111,8100,4.6483521,20.56384,0,0,0
8,6,113,7860,4.6091255,19.982688,0,0,0
8,6,113,7860,4.6091255,19.982688,0,0,0
8,6,114,7920,4.8052585,20.1168,0,0,0
8,6,114,8130,5.1190713,20.653248,0,0,0
8,6,115,8100,4.7464186,20.56384,0,0,0
8,6,115,8130,4.79545185,20.653248,0,0,0
8,6,115,8490,5.5897905,21.547328,0,0,0
8,6,118,7950,4.85429175,20.206208,0,0,0
8,6,118,7980,4.87390505,20.250912,0,0,0
8,6,118,7980,4.87390505,20.250912,0,0,0
8,6,118,8220,5.0210048,20.876768,0,0,0
8,6,120,8370,4.9817782,21.279104,0,0,0
8,6,121,8400,5.34462425,21.323808,0,0,0
8,6,122,8400,5.295591,21.323808,0,0,0
8,6,127,8370,5.295591,21.279104,0,0,0
8,6,127,8520,5.2759777,21.636736,0,0,0
8,6,130,8070,5.0013915,20.519136,0,0,0
8,6,130,8430,5.491724,21.413216,0,0,0
8,6,133,8370,5.3544309,21.279104,0,0,0
8,6,133,8520,5.54075725,21.636736,0,0,0
8,6,133,8520,5.54075725,21.636736,0,0,0
8,6,134,7980,4.87390505,20.250912,0,0,0
8,6,135,8610,5.6290171,21.860256,0,0,0
8,6,136,7800,4.85429175,19.803872,0,0,0
8,6,136,8550,5.54075725,21.726144,0,0,0
8,6,139,8250,5.3544309,20.966176,0,0,0
8,6,139,8250,5.3544309,20.966176,0,0,0
8,6,141,8100,5.07003805,20.56384,0,0,0
8,6,141,8550,5.6486304,21.726144,0,0,0
8,6,142,8760,6.24683605,22.262592,0,0,0
8,6,142,9060,6.276256,23.02256,175,1235,0
8,6,143,9090,6.8254284,23.067264,0,0,0
8,6,145,8670,5.91340995,22.039072,0,0,0
8,6,145,8790,6.05070305,22.307296,0,0,0
8,6,146,9090,6.4527757,23.067264,0,0,0
8,6,147,8340,5.24655775,21.189696,0,0,0
8,6,147,8340,5.24655775,21.189696,0,0,0
8,6,147,8430,5.4328841,21.413216,0,0,0
8,6,147,8670,5.56037055,22.039072,0,0,0
8,6,148,8520,5.52114395,21.636736,0,0,0
8,6,148,8520,5.52114395,21.636736,0,0,0
8,6,148,8700,5.6094038,22.083776,0,0,0
8,6,148,9060,6.52142225,23.02256,0,0,0
8,6,149,8310,5.491724,21.100288,0,0,0
8,6,149,8730,5.7074703,22.173184,0,0,0
8,6,151,8490,5.61921045,21.547328,0,0,0
8,6,161,9180,6.3743225,23.335488,0,0,0
8,6,163,9000,6.1193496,22.843744,0,0,0
8,6,164,8910,6.22722275,22.620224,0,0,0
8,6,164,9030,6.69794195,22.933152,0,0,0
8,6,167,9030,6.22722275,22.933152,0,0,0
8,6,168,9270,6.4135491,23.559008,0,0,0
8,6,170,9150,6.4331624,23.24608,0,0,0
8,6,170,9150,6.4331624,23.24608,0,0,0
8,6,172,8910,6.1781895,22.620224,0,0,0
8,6,175,8490,5.54075725,21.547328,0,0,0
8,6,175,8700,6.0997363,22.083776,0,0,0
8,6,175,8700,6.0997363,22.083776,0,0,0
8,6,179,9390,6.864655,23.871936,0,0,0
8,6,181,9240,6.472389,23.4696,0,0,0
8,6,184,8760,5.8055368,22.262592,0,0,0
8,6,184,8760,5.8055368,22.262592,0,0,0
8,6,186,9810,7.4138274,24.900128,175,1235,0
8,6,188,9420,6.668522,23.91664,0,0,0
8,6,189,9840,7.7276402,24.989536,0,0,0
8,6,196,9030,6.4920023,22.933152,0,0,0
8,6,209,9510,6.864655,24.14016,0,0,0
8,6,209,9990,7.5511205,25.391872,0,0,0
8,6,214,9360,6.81562175,23.782528,0,0,0
8,6,214,9990,7.3942141,25.391872,0,0,0
8,6,218,9750,7.2961476,24.766016,0,0,0
8,6,223,9150,6.3743225,23.24608,0,0,0
8,6,223,9150,6.3743225,23.24608,0,0,0
8,6,227,9780,7.3549875,24.855424,0,0,0
8,6,228,10170,8.01203305,25.838912,0,0,0
8,6,236,9390,7.10982125,23.871936,0,0,0
8,6,236,9900,7.3549875,25.123648,0,0,0
8,6,240,10500,8.825985,26.688288,0,0,0
8,6,241,10590,8.629852,26.911808,175,1235,0
8,6,249,10050,7.4922806,25.525984,0,0,0
8,6,261,10050,7.7668668,25.525984,0,0,0
8,6,267,9600,7.10982125,24.36368,0,0,0
8,6,301,10680,9.1201845,27.135328,0,0,0
8,6,330,10770,9.1201845,27.358848,0,0,0
8,6,365,10800,10.05181625,27.448256,0,0,0
8,6,411,11220,10.9246081,28.521152,0,0,0
8,6,423,11700,11.6110736,29.72816,0,0,0
9,6,30,4710,2.55953565,11.980672,39,857,8
9,6,38,5100,2.99102825,12.96416,0,0,0
9,6,38,5220,2.7654753,13.277088,0,0,0
9,6,40,5160,3.08909475,13.098272,39,857,8
9,6,40,5490,3.0596748,13.947648,0,0,0
9,6,42,5250,3.1185147,13.321792,0,0,0
9,6,43,5580,3.57942725,14.171168,0,0,0
9,6,45,5460,3.3146477,13.85824,0,0,0
9,6,45,5640,3.61865385,14.30528,0,0,0
9,6,51,5550,3.6284605,14.08176,39,857,8
9,6,51,5820,3.93246665,14.797024,0,0,0
9,6,52,5580,3.63826715,14.171168,0,0,0
9,6,52,5820,3.530394,14.797024,0,0,0
9,6,55,6090,3.92266,15.467584,0,0,0
9,6,57,5940,4.0011132,15.109952,0,0,0
9,6,60,6240,4.44241245,15.86992,0,0,0
9,6,62,5880,4.0599531,14.931136,39,857,8
9,6,62,6090,4.08937305,15.467584,0,0,0
9,6,62,6390,4.4718324,16.227552,0,0,0
9,6,63,6240,4.5306723,15.86992,0,0,0
9,6,67,6030,4.3345393,15.333472,0,0,0
9,6,68,6330,4.20705285,16.09344,0,0,0
9,6,74,6720,4.81506515,17.076928,0,0,0
9,6,76,6840,5.1190713,17.389856,0,0,0
9,6,78,6600,5.0013915,16.764,0,0,0
9,6,79,6780,5.1386846,17.21104,0,0,0
9,6,80,6780,5.36423755,17.21104,0,0,0
9,6,82,6600,4.91313165,16.764,0,0,0
9,6,86,6840,4.9621649,17.389856,0,0,0
9,6,87,6900,5.57998385,17.523968,0,0,0
9,6,91,7050,5.6486304,17.926304,0,0,0
9,6,96,7290,5.6290171,18.507456,0,0,0
9,6,97,7410,6.26644935,18.820384,175,1235,0
9,6,100,7320,6.0997363,18.596864,0,0,0
9,6,101,7110,5.73689025,18.060416,0,0,0
9,6,104,7080,5.6486304,17.971008,0,0,0
9,6,104,7230,5.99186315,18.373344,0,0,0
9,6,104,7380,6.32528925,18.730976,0,0,0
9,6,106,7620,6.36451585,19.356832,0,0,0
9,6,107,7080,5.77611685,17.971008,0,0,0
9,6,108,7320,5.7074703,18.596864,0,0,0
9,6,111,7470,6.59987545,18.954496,0,0,0
9,6,111,7620,6.472389,19.356832,0,0,0
9,6,122,7860,6.6489087,19.982688,0,0,0
9,6,125,7770,6.9234949,19.714464,0,0,0
9,6,137,8010,7.40402075,20.34032,0,0,0
9,6,138,8040,7.6099604,20.429728,0,0,0
9,6,142,8400,7.81590005,21.323808,0,0,0
9,6,153,8430,7.99241975,21.413216,0,0,0
9,6,165,8490,8.26700595,21.547328,0,0,0
9,6,172,8670,8.5317855,22.039072,0,0,0
9,6,175,8940,8.825985,22.709632,0,0,0
9,6,184,9090,9.1005712,23.067264,0,0,0
9,6,198,9150,9.610517,23.24608,0,0,0
9,6,213,9120,9.5516771,23.156672,0,0,0
9,6,234,9120,9.3163175,23.156672,0,0,0
9,6,256,9960,11.375714,25.302464,0,0,0
9,6,271,9810,11.2188076,24.900128,0,0,0
9,6,311,10740,13.2389775,27.26944,175,1235,0
9,6,349,10470,12.2583125,26.59888,0,0,0
10,5,25,4650,2.7262487,9.83488,63,750,15
10,5,28,4650,2.85373515,9.83488,0,0,0
10,5,28,4770,2.87334845,10.103104,63,750,15
10,5,30,4770,2.7654753,10.103104,63,823,15
10,5,31,4890,3.10870805,10.371328,65,894,13.5
10,5,31,4935,3.3734876,10.460736,63,823,15
10,5,32,4890,3.03025485,10.326624,51,920,12
10,5,33,5070,3.34406765,10.72896,90,825,0
10,5,34,5040,3.50097405,10.684256,63,823,15
10,5,36,4980,3.40290755,10.550144,0,0,0
10,5,36,5040,3.26561445,10.684256,82,827,17
10,5,38,5325,3.63826715,11.265408,63,750,15
10,5,39,5190,3.6676871,10.997184,0,0,0
10,5,40,5340,3.42252085,11.310112,63,823,15
10,5,41,5310,3.7657536,11.220704,0,0,0
10,5,43,5370,3.8442068,11.354816,0,0,0
10,5,43,5400,3.73633365,11.444224,0,0,0
10,5,43,5460,3.71672035,11.578336,0,0,0
10,5,44,5400,3.7069137,11.444224,51,920,12
10,5,44,5430,3.9030467,11.488928,65,894,13.5
10,5,45,5550,4.01091985,11.757152,107,893,35
10,5,47,5700,4.2953127,12.07008,90,825,0
10,5,48,5610,3.9814999,11.891264,0,0,0
10,5,48,5625,4.4129925,11.891264,63,823,15
10,5,49,5580,4.24627945,11.801856,0,0,0
10,5,49,5580,4.2756994,11.801856,0,0,0
10,5,49,5640,4.05014645,11.935968,82,827,17
10,5,50,5310,3.63826715,11.220704,0,0,0
10,5,52,5640,4.0599531,11.935968,58,930,0
10,5,53,5550,3.8834334,11.757152,0,0,0
10,5,53,5730,4.4914457,12.114784,0,0,0
10,5,53,5940,4.59931885,12.561824,63,750,15
10,5,54,5850,4.1776329,12.383008,63,823,15
10,5,55,5940,4.57970555,12.561824,0,0,0
10,5,56,5760,4.3737659,12.204192,0,0,0
10,5,57,5970,4.6679654,12.651232,0,0,0
10,5,58,5550,3.92266,11.757152,0,0,0
10,5,58,5880,4.50125235,12.427712,51,920,12
10,5,58,5940,4.8052585,12.561824,0,0,0
10,5,58,6000,4.7660319,12.695936,0,0,0
10,5,59,5910,4.67777205,12.51712,65,894,13.5
10,5,59,6060,4.903325,12.830048,102,1005,40
10,5,60,5970,4.73661195,12.651232,0,0,0
10,5,60,6030,4.67777205,12.785344,0,0,0
10,5,60,6060,4.75622525,12.830048,77,1085,20
10,5,60,6090,4.63854545,12.874752,0,0,0
10,5,61,5790,4.18743955,12.248896,0,0,0
10,5,63,6240,5.14849125,13.18768,107,893,35
10,5,64,6210,5.0406181,13.142976,0,0,0
10,5,64,6300,5.3544309,13.321792,90,825,0
10,5,66,6120,4.95235825,12.96416,0,0,0
10,5,66,6120,5.1386846,12.96416,0,0,0
10,5,66,6210,5.01119815,13.142976,82,827,17
10,5,66,6225,5.5897905,13.18768,63,823,15
10,5,66,6240,5.1582979,13.232384,0,0,0
10,5,69,6240,5.40346415,13.232384,0,0,0
10,5,70,6210,4.97197155,13.142976,58,930,0
10,5,70,6240,5.12887795,13.232384,0,0,0
10,5,71,6240,5.4132708,13.232384,0,0,0
10,5,71,6420,5.099458,13.590016,63,823,15
10,5,72,6495,5.59959715,13.768832,63,750,15
10,5,75,6390,5.491724,13.545312,0,0,0
10,5,75,6480,5.5897905,13.724128,0,0,0
10,5,76,6360,5.32501095,13.455904,51,920,12
10,5,76,6390,5.4524974,13.545312,65,894,13.5
10,5,76,6390,5.57998385,13.545312,0,0,0
10,5,77,6300,5.3740442,13.321792,0,0,0
10,5,77,6480,5.7466969,13.724128,0,0,0
10,5,77,6615,5.88399,13.992352,63,750,15
10,5,78,6480,5.8055368,13.724128,0,0,0
10,5,79,6570,5.7663102,13.902944,0,0,0
10,5,79,6690,5.88399,14.171168,0,0,0
10,5,80,6510,5.7466969,13.768832,0,0,0
10,5,80,6570,5.67805035,13.902944,0,0,0
10,5,80,6630,5.6094038,14.037056,0,0,0
10,5,82,6720,6.0212831,14.215872,0,0,0
10,5,83,6690,5.93302325,14.171168,77,1085,20
10,5,85,6630,6.10954295,14.037056,0,0,0
10,5,85,6810,6.26644935,14.394688,102,1005,40
10,5,85,6810,6.71755525,14.394688,63,823,15
10,5,86,6690,5.7466969,14.171168,0,0,0
10,5,86,7080,6.4331624,14.97584,90,825,0
10,5,87,6690,6.0016698,14.171168,0,0,0
10,5,87,6810,6.05070305,14.394688,82,827,17
10,5,87,6900,6.3154826,14.618208,107,893,35
10,5,88,6690,5.9232166,14.171168,0,0,0
10,5,88,6720,6.1978028,14.215872,0,0,0
10,5,89,6840,6.1978028,14.484096,0,0,0
10,5,90,6870,5.9428299,14.5288,63,823,15
10,5,93,6810,5.99186315,14.394688,58,930,0
10,5,94,6780,6.1193496,14.349984,51,920,12
10,5,94,6930,6.5312289,14.662912,0,0,0
10,5,96,6840,6.2566427,14.484096,65,894,13.5
10,5,96,7005,7.10982125,14.841728,63,823,15
10,5,97,6000,4.903325,12.695936,0,0,0
10,5,99,6990,6.59987545,14.797024,0,0,0
10,5,101,7020,6.864655,14.841728,0,0,0
10,5,104,6840,6.3939358,14.484096,0,0,0
10,5,104,7020,6.7273619,14.841728,0,0,0
10,5,104,7020,6.79600845,14.841728,0,0,0
10,5,104,7140,6.5312289,15.109952,0,0,0
10,5,104,7170,6.69794195,15.19936,0,0,0
10,5,104,7170,6.8450417,15.19936,0,0,0
10,5,105,7350,7.1784678,15.556992,0,0,0
10,5,106,7170,7.03136805,15.19936,0,0,0
10,5,108,7320,7.30595425,15.512288,0,0,0
10,5,109,7140,7.1980811,15.109952,0,0,0
10,5,109,7440,7.453054,15.735808,90,825,0
10,5,110,7320,7.1588545,15.512288,77,1085,20
10,5,110,7350,7.1000146,15.556992,82,827,17
10,5,111,6960,6.63910205,14.75232,0,0,0
10,5,111,7380,7.3746008,15.601696,0,0,0
10,5,113,7170,6.8842683,15.19936,0,0,0
10,5,113,7560,7.6884136,16.004032,107,893,35
10,5,116,7500,7.7080269,15.86992,102,1005,40
10,5,119,7320,7.03136805,15.512288,58,930,0
10,5,119,7440,7.40402075,15.735808,0,0,0
10,5,121,7380,7.42363405,15.601696,0,0,0
10,5,122,6330,5.4721107,13.4112,0,0,0
10,5,126,7590,7.87473995,16.048736,0,0,0
10,5,127,7260,7.10982125,15.378176,0,0,0
10,5,129,7560,8.07087295,16.004032,0,0,0
10,5,131,7290,7.3353742,15.42288,0,0,0
10,5,132,7500,7.7668668,15.86992,0,0,0
10,5,132,7650,7.7864801,16.182848,0,0,0
10,5,132,7710,7.60015375,16.31696,0,0,0
10,5,134,7740,8.041453,16.361664,0,0,0
10,5,135,7560,7.87473995,16.004032,0,0,0
10,5,135,7650,7.9629998,16.182848,0,0,0
10,5,137,7740,8.09048625,16.361664,0,0,0
10,5,138,7710,8.28661925,16.31696,0,0,0
10,5,140,7680,8.1199062,16.272256,0,0,0
10,5,140,7800,8.46313895,16.495776,0,0,0
10,5,140,8010,8.65927195,16.942816,0,0,0
10,5,141,7650,7.8649333,16.182848,0,0,0
10,5,145,7950,8.4925589,16.808704,77,1085,20
10,5,145,8190,9.022118,17.345152,107,893,35
10,5,146,7860,8.05125965,16.629888,58,930,0
10,5,147,8010,8.69849855,16.942816,0,0,0
10,5,147,8010,8.73772515,16.942816,0,0,0
10,5,148,7860,8.48275225,16.629888,0,0,0
10,5,150,8130,9.022118,17.21104,0,0,0
10,5,152,7710,7.9826131,16.31696,0,0,0
10,5,155,8220,9.36535075,17.389856,102,1005,40
10,5,156,8040,8.83579165,17.032224,0,0,0
10,5,158,8010,8.73772515,16.942816,0,0,0
10,5,163,7680,8.237586,16.272256,0,0,0
10,5,165,8040,9.022118,17.032224,0,0,0
10,5,167,8250,9.38496405,17.479264,0,0,0
10,5,169,8250,9.26728425,17.479264,0,0,0
10,5,174,8580,9.9243298,18.149824,0,0,0
10,5,175,8460,9.81645665,17.926304,0,0,0
10,5,179,8370,9.8458766,17.702784,0,0,0
10,5,181,8220,9.50264385,17.389856,0,0,0
10,5,181,8340,9.4928372,17.65808,0,0,0
10,5,181,8490,9.60071035,17.971008,77,1085,20
10,5,187,8630,10.09104285,18.283936,0,0,0
10,5,193,8820,10.9049948,18.686272,102,1005,40
10,5,194,8490,9.8851032,17.971008,0,0,0
10,5,200,8910,10.787315,18.865088,0,0,0
10,5,203,8610,10.1400761,18.239232,0,0,0
10,5,210,8760,10.73828175,18.55216,0,0,0
10,5,218,9060,11.66010685,19.178016,102,1005,40
10,5,222,9090,11.52281375,19.22272,0,0,0
10,5,227,8940,11.3364874,18.909792,0,0,0
10,5,228,8730,10.81673495,18.462752,0,0,0
10,5,241,9450,12.4544455,19.982688,107,893,35
10,5,253,9270,11.56204035,19.625056,0,0,0
10,5,255,9150,11.76798,19.356832,0,0,0
10,5,257,9210,11.76798,19.490944,136,1160,35
10,5,257,10230,13.0428445,21.636736,0,0,0
10,5,297,9630,12.748645,20.385024,0,0,0
10,5,301,10050,14.3961622,21.279104,0,0,0
10,5,313,9660,13.4547238,20.429728,0,0,0
10,5,351,10470,15.2003075,22.173184,0,0,0
10,5,369,9750,13.9842829,20.653248,0,0,0
10,5,380,10530,16.3574922,22.307296,102,1005,40
10,5,381,10590,15.87696635,22.396704,0,0,0
10,7,32,3630,3.0008349,10.773664,62,670,11
10,7,32,3630,3.0008349,10.773664,62,670,11
10,7,32,4230,2.40262925,12.51712,63,750,15
10,7,35,4410,2.745862,13.053568,63,750,15
10,7,36,4470,2.9027684,13.232384,63,750,15
10,7,42,4590,3.30484105,13.590016,63,823,15
10,7,43,4695,3.4715541,13.902944,63,823,15
10,7,43,4710,3.0008349,13.947648,63,750,15
10,7,44,4620,2.941995,13.679424,63,823,15
10,7,45,4020,3.71672035,11.891264,62,670,11
10,7,45,4020,3.71672035,11.891264,62,670,11
10,7,45,4770,3.4127142,14.126464,90,825,0
10,7,50,4965,3.59904055,14.707616,63,750,15
10,7,51,4950,3.59904055,14.662912,75,895,17
10,7,55,5040,3.7069137,14.931136,0,0,0
10,7,56,5160,3.65788045,15.288768,63,750,15
10,7,60,4350,4.48163905,12.874752,62,670,11
10,7,60,4350,4.48163905,12.874752,62,670,11
10,7,60,5160,3.71672035,15.288768,63,823,15
10,7,61,5160,4.2953127,15.288768,63,823,15
10,7,63,5340,4.314926,15.825216,90,825,0
10,7,67,5490,4.4522191,16.272256,63,750,15
10,7,70,5520,4.48163905,16.361664,75,895,17
10,7,73,5640,4.38357255,16.719296,63,750,15
10,7,74,5550,4.511059,16.451072,0,0,0
10,7,74,5700,4.81506515,16.898112,105,1010,32
10,7,76,5880,5.2367511,17.43456,102,1005,40
10,7,77,5580,4.52086565,16.54048,77,1085,20
10,7,78,4680,5.14849125,13.85824,62,670,11
10,7,78,4680,5.14849125,13.85824,62,670,11
10,7,78,5670,4.54047895,16.808704,63,823,15
10,7,78,5880,5.16810455,17.43456,98,995,30
10,7,81,5745,5.5897905,17.032224,63,823,15
10,7,84,5880,5.28578435,17.43456,90,825,0
10,7,87,6000,6.472389,17.792192,0,0,0
10,7,89,6030,5.6094038,17.8816,63,750,15
10,7,92,6120,5.2367511,18.149824,63,750,15
10,7,92,6150,6.0016698,18.239232,63,750,15
10,7,94,6030,5.3936575,17.8816,75,895,17
10,7,96,6030,5.3936575,17.8816,0,0,0
10,7,98,4980,5.89379665,14.75232,62,670,11
10,7,98,4980,5.89379665,14.75232,62,670,11
10,7,99,6120,5.30539765,18.149824,63,823,15
10,7,100,6390,6.1389629,18.954496,105,1010,32
10,7,104,6240,6.1781895,18.507456,0,0,0
10,7,104,6570,6.67832865,19.44624,102,1005,40
10,7,105,6150,5.5701772,18.239232,77,1085,20
10,7,107,6270,6.83523505,18.596864,63,823,15
10,7,107,6570,6.44296905,19.44624,98,995,30
10,7,111,6420,6.2566427,19.043904,90,825,0
10,7,117,6480,7.22750105,19.22272,63,823,15
10,7,118,6450,6.472389,19.133312,69,1205,25
10,7,118,6450,6.472389,19.133312,0,0,0
10,7,120,6660,7.9433865,19.714464,0,0,0
10,7,122,6540,6.4135491,19.401536,0,0,0
10,7,122,6630,6.3743225,19.66976,75,895,17
10,7,125,6600,6.18799615,19.580352,63,823,15
10,7,129,6720,7.1588545,19.89328,0,0,0
10,7,131,6960,7.3157609,20.608544,175,1235,0
10,7,132,7020,7.56092715,20.78736,105,1010,32
10,7,136,6810,7.1196279,20.161504,77,1085,20
10,7,139,6930,7.453054,20.519136,90,825,0
10,7,139,7260,7.99241975,21.502624,102,1005,40
10,7,144,7050,7.84532,20.876768,75,895,17
10,7,146,7260,7.89435325,21.502624,98,995,30
10,7,149,6990,7.84532,20.697952,0,0,0
10,7,152,6990,7.3549875,20.697952,0,0,0
10,7,161,7260,9.5712904,21.502624,0,0,0
10,7,170,7680,9.1201845,22.754336,105,1010,32
10,7,172,7230,8.0806796,21.413216,0,0,0
10,7,173,7290,8.1395195,21.592032,77,1085,20
10,7,177,5730,8.0610663,16.98752,62,670,11
10,7,177,5730,8.0610663,16.98752,62,670,11
10,7,182,7920,9.80665,23.4696,102,1005,40
10,7,187,7890,9.34573745,23.380192,98,995,30
10,7,205,8220,10.5127288,24.36368,0,0,0
10,7,206,7710,9.42419065,22.843744,77,1085,20
10,7,206,7800,11.3168741,23.111968,0,0,0
10,7,210,8280,10.7088618,24.542496,105,1010,32
10,7,227,8520,11.32668075,25.25776,102,1005,40
10,7,232,7890,9.7674234,23.380192,0,0,0
10,7,232,7890,9.7674234,23.380192,69,1205,25
10,7,235,8490,10.787315,25.168352,98,995,30
10,7,239,8010,9.8851032,23.737824,0,0,0
10,7,239,8010,9.8851032,23.737824,69,1205,25
10,7,253,8550,10.7480884,25.347168,136,887,35
10,7,256,8220,12.8467115,24.36368,0,0,0
10,7,258,8190,10.42446895,24.274272,0,0,0
10,7,258,8190,10.42446895,24.274272,69,1205,25
10,7,259,8250,12.6701918,24.453088,0,0,0
10,7,259,8460,10.8853815,25.078944,136,1160,35
10,7,269,8310,13.1801376,24.631904,0,0,0
10,7,275,8460,11.0815145,25.078944,0,0,0
10,7,282,8820,12.160246,26.15184,0,0,0
10,7,288,8400,13.48414375,24.900128,0,0,0
10,7,312,9030,12.34657235,26.777696,0,0,0
10,7,332,9120,13.140911,27.04592,0,0,0
10,7,387,9810,14.709975,29.0576,175,1235,0
10,7,420,10200,16.2594257,30.219904,102,1005,40
11,7,42,4200,3.5500073,12.427712,0,0,0
11,7,48,4410,3.89324005,13.053568,68,950,15
11,7,54,4560,4.3345393,13.500608,90,825,0
11,7,57,4650,4.28550605,13.768832,82,827,17
11,7,68,4860,5.0406181,14.394688,68,950,15
11,7,73,5160,5.38385085,15.288768,107,893,35
11,7,76,5100,5.4721107,15.109952,90,825,0
11,7,77,5160,5.34462425,15.288768,82,827,17
11,7,78,5130,5.1975245,15.19936,0,0,0
11,7,87,5490,6.1781895,16.272256,0,0,0
11,7,89,5460,6.07031635,16.182848,105,1010,32
11,7,92,5310,5.97224985,15.735808,68,950,15
11,7,95,5580,6.4527757,16.54048,102,1005,40
11,7,101,5580,6.58026215,16.54048,90,825,0
11,7,103,5760,6.75678185,17.076928,107,893,35
11,7,104,5670,6.56064885,16.808704,82,827,17
11,7,112,5730,6.5116156,16.98752,0,0,0
11,7,120,5700,6.93330155,16.898112,68,950,15
11,7,124,5970,7.36479415,17.702784,0,0,0
11,7,124,6030,7.5315072,17.8816,105,1010,32
11,7,131,6060,7.77667345,17.971008,90,825,0
11,7,131,6180,7.7472535,18.32864,82,827,17
11,7,132,6360,8.5317855,18.865088,107,893,35
11,7,133,6210,8.041453,18.418048,98,995,30
11,7,135,6180,8.1199062,18.32864,102,1005,40
11,7,148,6210,8.36507245,18.418048,0,0,0
11,7,150,6300,7.97280645,18.686272,0,0,0
11,7,152,6030,7.8257067,17.8816,68,950,15
11,7,158,6060,8.3160392,17.971008,0,0,0
11,7,163,6630,9.01231135,19.66976,105,1010,32
11,7,165,6480,8.9436648,19.22272,90,825,0
11,7,172,6690,9.610517,19.803872,82,827,17
11,7,175,6870,10.198916,20.34032,107,893,35
11,7,177,6720,9.6693569,19.89328,102,1005,40
11,7,177,6750,9.54187045,19.982688,98,995,30
11,7,196,6840,9.40457735,20.250912,0,0,0
11,7,211,7020,11.0226746,20.78736,136,887,35
11,7,212,7110,10.4931155,21.055584,105,1010,32
11,7,221,6990,10.198916,20.697952,0,0,0
11,7,222,7410,11.91507975,21.949664,107,893,35
11,7,252,7290,11.0815145,21.592032,0,0,0
11,7,258,7590,12.01314625,22.486112,105,1010,32
11,7,295,7980,13.8273765,23.648416,136,887,35
11,7,297,7770,13.4743371,23.02256,102,1005,40
11,7,310,7980,13.533177,23.648416,0,0,0
11,7,316,7890,13.2782041,23.380192,98,995,30
11,7,317,8100,14.3765489,24.006048,0,0,0
11,7,322,7890,13.7489233,23.380192,105,1010,32
11,7,346,8010,15.2395341,23.737824,102,1005,40
11,7,355,7980,14.32751565,23.648416,0,0,0
11,7,383,8580,16.2986523,25.436576,107,893,35
11,7,576,9360,21.2804305,27.71648,102,1005,40
12,6,28,3600,3.20677455,9.119616,0,0,0
12,6,38,4020,3.83440015,10.192512,63,750,15
12,6,39,3990,4.03053315,10.147808,0,0,0
12,6,42,4080,4.0991797,10.371328,0,0,0
12,6,43,4110,4.2953127,10.460736,0,0,0
12,6,47,4230,4.59931885,10.72896,0,0,0
12,6,53,4380,4.903325,11.131296,0,0,0
12,6,53,4470,4.83467845,11.354816,63,750,15
12,6,54,4530,5.3152043,11.488928,90,825,0
12,6,54,4530,5.3152043,11.488928,90,825,0
12,6,60,4560,5.2563644,11.578336,0,0,0
12,6,60,4590,5.2759777,11.667744,0,0,0
12,6,62,4680,5.42307745,11.891264,0,0,0
12,6,69,4740,5.81534345,12.025376,0,0,0
12,6,70,4830,5.7466969,12.248896,63,750,15
12,6,77,5070,6.5900688,12.874752,90,825,0
12,6,77,5070,6.5900688,12.874752,90,825,0
12,6,80,4950,6.3350959,12.561824,0,0,0
12,6,83,5070,6.472389,12.874752,0,0,0
12,6,83,5280,6.93330155,13.4112,107,893,35
12,6,87,5100,6.73716855,12.96416,0,0,0
12,6,91,5280,7.0215614,13.4112,0,0,0
12,6,92,5250,6.864655,13.321792,63,750,15
12,6,104,5310,7.453054,13.500608,0,0,0
12,6,105,5520,7.9826131,14.037056,90,825,0
12,6,105,5520,7.9826131,14.037056,90,825,0
12,6,109,5700,8.3552658,14.484096,136,887,35
12,6,112,5550,8.041453,14.08176,0,0,0
12,6,116,5610,7.9237732,14.260576,63,750,15
12,6,121,5790,8.6886919,14.707616,105,1010,32
12,6,126,5820,8.629852,14.797024,0,0,0
12,6,128,5790,8.56120545,14.707616,0,0,0
12,6,129,5970,9.4339973,15.154656,0,0,0
12,6,130,5600,8.433719,14.215872,0,0,0
12,6,130,5820,8.8652116,14.797024,136,1160,35
12,6,134,5940,9.3163175,15.109952,90,825,0
12,6,134,5940,9.3163175,15.109952,90,825,0
12,6,142,6000,9.5909037,15.244064,0,0,0
12,6,161,5880,9.44380395,14.931136,0,0,0
12,6,162,6150,10.13026945,15.601696,0,0,0
12,6,162,6240,10.1793027,15.86992,0,0,0
12,6,170,6300,10.6500219,16.004032,90,825,0
12,6,170,6300,10.6500219,16.004032,90,825,0
12,6,170,6330,10.54214875,16.09344,0,0,0
12,6,179,6240,10.36562905,15.86992,0,0,0
12,6,189,6540,11.4345539,16.629888,136,887,35
12,6,192,6570,11.4737805,16.674592,136,887,35
12,6,212,6990,13.36646395,17.747488,0,0,0
12,6,219,6810,12.40541225,17.300448,0,0,0
12,6,231,6660,12.356379,16.898112,0,0,0
12,6,239,7200,14.2588691,18.283936,0,0,0
12,6,265,7440,14.709975,18.909792,136,887,35
12,6,280,7290,14.2196425,18.507456,136,1160,35
12,6,294,7590,15.24934075,19.267424,107,893,35
12,6,295,6750,14.121576,17.166336,136,887,35
12,6,307,7380,15.102241,18.730976,136,1160,35
12,6,314,7530,14.906108,19.133312,105,1010,32
12,6,323,7800,16.671305,19.803872,0,0,0
12,6,331,7890,16.8478247,20.027392,0,0,0
12,6,334,7650,15.9848395,19.44624,105,1010,32
12,6,350,7860,16.7693715,19.982688,136,887,35
12,6,359,7800,16.42613875,19.803872,0,0,0
12,6,391,8040,18.240369,20.429728,0,0,0
12,6,393,7920,17.50487025,20.1168,136,887,35
12,6,402,7950,17.97558945,20.206208,0,0,0
12,6,405,8190,17.89713625,20.78736,136,887,35
12,8,91,4890,6.9823348,16.54048,107,893,35
12,8,126,5430,8.7083052,18.373344,107,893,35
12,8,127,5400,8.6886919,18.283936,136,887,35
12,8,136,5460,8.7279185,18.507456,105,1010,32
12,8,170,5940,10.4931155,20.1168,107,893,35
12,8,176,5550,9.5124505,18.77568,136,1160,35
12,8,209,6150,11.52281375,20.832064,136,887,35
12,8,234,6360,12.3171524,21.547328,136,887,35
12,8,281,6390,12.85651815,21.636736,105,1010,32
12,8,320,7050,14.6511351,23.871936,136,887,35
12,8,329,7110,15.494507,24.095456,107,893,35
12,8,400,7590,17.3577705,25.7048,136,887,35
13,4,53,4620,5.3740442,7.8232,90,825,0
13,4,65,4920,6.080123,8.314944,0,0,0
13,4,74,5130,6.83523505,8.672576,90,825,0
13,4,78,5280,6.9823348,8.9408,107,893,35
13,4,91,5430,7.649187,9.209024,0,0,0
13,4,102,5610,8.26700595,9.477248,90,825,0
13,4,121,5880,9.1201845,9.968992,0,0,0
13,4,132,6030,9.8262633,10.192512,90,825,0
13,4,157,6300,10.65982855,10.684256,0,0,0
13,4,167,6450,11.375714,10.907776,90,825,0
13,4,195,6720,11.964113,11.354816,0,0,0
13,4,290,7840,16.9066646,13.277088,107,893,35
13,8,64,3900,5.67805035,13.232384,0,0,0
13,8,76,4110,6.3154826,13.902944,90,825,0
13,8,90,4320,7.0804013,14.618208,0,0,0
13,8,106,4530,7.7472535,15.333472,90,825,0
13,8,113,4680,8.433719,15.86992,107,893,35
13,8,130,4860,8.9044382,16.451072,136,887,35
13,8,135,5040,9.71839015,17.076928,0,0,0
13,8,138,4890,9.022118,16.54048,90,825,0
13,8,142,5130,9.610517,17.389856,136,887,35
13,8,148,5040,9.5124505,17.076928,96,905,50
13,8,177,5220,10.4735022,17.65808,90,825,0
13,8,221,5520,11.6699135,18.686272,90,825,0
13,8,229,5760,12.748645,19.490944,136,887,35
13,8,240,5640,12.2779258,19.088608,136,887,35
13,8,261,5850,13.533177,19.803872,136,887,35
13,8,317,6510,16.6909183,22.039072,0,0,0
13,8,320,6240,15.2003075,21.144992,136,887,35
13,8,340,6420,15.5925735,21.726144,96,905,50
13,8,350,6600,17.05376435,22.352,136,887,35
13,8,375,6540,17.30873725,22.12848,107,893,35
13,8,64,3900,5.67805035,13.232384,0,0,
13,8,76,4110,6.3154826,13.902944,825,0,
13,8,90,4320,7.0804013,14.618208,0,0,
13,8,106,4530,7.7472535,15.333472,825,0,
13,8,113,4680,8.433719,15.86992,893,35,
13,8,130,4860,8.9044382,16.451072,887,35,
13,8,138,4890,9.022118,16.54048,825,0,
13,8,148,5040,9.5124505,17.076928,905,50,
13,8,135,5040,9.71839015,17.076928,0,0,
13,8,142,5130,9.610517,17.389856,887,35,
13,8,177,5220,10.4735022,17.65808,825,0,
13,8,221,5520,11.6699135,18.686272,825,0,
13,8,240,5640,12.2779258,19.088608,887,35,
13,8,229,5760,12.748645,19.490944,887,35,
13,8,261,5850,13.533177,19.803872,887,35,
13,8,320,6240,15.2003075,21.144992,887,35,
13,8,340,6420,15.5925735,21.726144,905,50,
13,8,317,6510,16.6909183,22.039072,0,0,
13,8,375,6540,17.30873725,22.12848,893,35,
13,8,350,6600,17.05376435,22.352,887,35,
13,8,261,5850,13.533177,19.803872,,,
13,8,320,6240,15.2003075,21.144992,,,
13,8,340,6420,15.5925735,21.726144,,,
13,8,317,6510,16.6909183,22.039072,,,
13,8,375,6540,17.30873725,22.12848,,,
13,8,350,6600,17.05376435,22.352,,,